t_us,raw
11556,6650
16556,6651
21556,6652
26556,6650
31560,6652
36560,6652
41560,6652
46564,6651
51564,6651
56564,6652
61568,6650
66572,6651
71572,6651
76572,6651
81572,6651
86572,6651
91572,6651
96572,6651
101572,6651
106572,6651
111572,6651
116572,6651
121572,6651
126572,6651
131572,6650
136576,6651
141576,6651
146576,6652
151576,6650
156576,6651
161576,6651
166576,6650
171576,6652
176576,6652
181576,6651
186576,6651
191576,6651
196576,6651
201576,6651
206576,6651
211576,6650
216580,6651
221580,6652
226580,6651
231580,6650
236580,6652
241580,6651
246580,6651
251580,6652
256580,6651
261584,6650
266584,6651
271584,6650
276584,6651
281584,6650
286588,6651
291588,6651
296588,6651
301588,6651
306588,6652
311588,6651
316588,6650
321588,6651
326588,6652
331588,6651
336588,6652
341588,6651
346588,6651
351588,6651
356588,6651
361588,6651
366592,6651
371596,6651
376596,6652
381596,6651
386596,6651
391600,6651
396600,6651
401600,6652
406604,6651
411604,6651
416604,6651
421604,6651
426604,6650
431604,6651
436604,6652
441604,6652
446604,6651
451604,6650
456604,6652
461604,6650
466604,6650
471604,6650
476604,6650
481604,6650
486604,6651
491604,6650
496604,6651
501608,6650
506608,6650
511612,6651
516612,6651
521612,6651
526612,6651
531616,6652
536616,6651
541616,6652
546616,6651
551616,6651
556616,6651
561616,6651
566616,6651
571616,6650
576620,6651
581620,6650
586620,6650
591620,6650
596620,6652
601620,6651
606620,6650
611620,6650
616620,6651
621620,6651
626620,6650
631620,6650
636620,6650
641620,6651
646620,6651
651620,6651
656624,6651
661624,6651
666632,6651
671632,6651
676632,6652
681632,6652
686632,6650
691632,6651
696632,6652
701632,6652
706632,6650
711632,6650
716632,6650
721632,6650
726632,6650
731632,6650
736632,6650
741632,6651
746632,6651
751632,6650
756632,6651
761632,6650
766632,6651
771632,6651
776636,6651
781636,6650
786636,6651
791636,6650
796640,6651
801644,6651
806644,6651
811644,6651
816644,6650
821644,6650
826644,6650
831644,6651
836644,6650
841644,6651
846644,6650
851644,6651
856644,6650
861644,6651
866644,6650
871644,6650
876648,6650
881648,6651
886648,6650
891648,6651
896648,6651
901648,6651
906648,6650
911648,6650
916648,6651
921652,6651
926652,6650
931652,6650
936652,6651
941652,6651
946652,6651
951652,6650
956652,6650
961652,6651
966652,6651
971652,6652
976652,6650
981652,6649
986652,6651
991652,6651
996652,6651
1001652,6651
1006652,6651
1011652,6649
1016656,6650
1021656,6650
1026656,6651
1031656,6651
1036656,6650
1041656,6650
1046656,6650
1051656,6651
1056656,6651
1061656,6650
1066656,6651
1071656,6651
1076656,6651
1081656,6651
1086656,6650
1091656,6649
1096656,6651
1101656,6650
1106656,6650
1111656,6650
1116656,6650
1121656,6650
1126656,6651
1131656,6650
1136656,6650
1141656,6651
1146660,6651
1151660,6650
1156660,6650
1161660,6649
1166660,6650
1171660,6649
1176660,6650
1181660,6651
1186660,6651
1191660,6650
1196664,6651
1201664,6650
1206664,6650
1211664,6650
1216668,6651
1221672,6651
1226676,6650
1231676,6650
1236676,6650
1241676,6650
1246676,6650
1251676,6650
1256676,6651
1261676,6650
1266680,6650
1271680,6650
1276680,6651
1281680,6650
1286680,6651
1291680,6651
1296680,6650
1301680,6650
1306680,6650
1311684,6650
1316684,6651
1321684,6650
1326684,6650
1331684,6651
1336688,6650
1341688,6651
1346688,6650
1351688,6650
1356688,6649
1361688,6650
1366688,6650
1371688,6650
1376688,6650
1381688,6650
1386688,6650
1391688,6650
1396688,6651
1401688,6651
1406688,6650
1411688,6650
1416688,6651
1421688,6650
1426688,6650
1431688,6651
1436688,6651
1441692,6649
1446692,6649
1451692,6651
1456696,6651
1461700,6650
1466700,6649
1471700,6651
1476700,6650
1481700,6650
1486700,6651
1491704,6649
1496704,6650
1501708,6650
1506708,6651
1511708,6650
1516708,6651
1521708,6649
1526708,6649
1531708,6650
1536708,6650
1541708,6650
1546708,6649
1551708,6651
1556708,6651
1561708,6650
1566708,6650
1571708,6650
1576708,6650
1581708,6650
1586708,6650
1591708,6650
1596708,6651
1601712,6650
1606712,6650
1611712,6650
1616716,6650
1621720,6649
1626720,6650
1631724,6650
1636724,6651
1641724,6649
1646728,6650
1651732,6650
1656732,6651
1661732,6651
1666732,6650
1671736,6650
1676740,6650
1681740,6650
1686740,6649
1691740,6650
1696740,6650
1701740,6650
1706740,6649
1711740,6650
1716740,6650
1721740,6650
1726740,6650
1731740,6649
1736740,6650
1741740,6650
1746740,6649
1751740,6649
1756740,6650
1761740,6650
1766740,6650
1771740,6649
1776740,6650
1781740,6650
1786740,6649
1791740,6650
1796740,6650
1801740,6650
1806740,6649
1811740,6650
1816740,6650
1821744,6650
1826744,6649
1831744,6650
1836744,6651
1841744,6649
1846744,6649
1851744,6649
1856744,6650
1861748,6650
1866752,6650
1871756,6651
1876756,6650
1881756,6650
1886756,6650
1891756,6650
1896760,6649
1901760,6650
1906760,6650
1911760,6651
1916760,6650
1921760,6649
1926760,6650
1931760,6651
1936760,6650
1941760,6651
1946760,6649
1951760,6650
1956764,6650
1961764,6649
1966764,6650
1971768,6650
1976768,6650
1981768,6650
1986768,6650
1991772,6649
1996772,6650
2001772,6649
2006772,6649
2011772,6651
2016772,6650
2021772,6651
2026772,6649
2031772,6650
2036772,6651
2041772,6650
2046772,6650
2051772,6649
2056772,6650
2061772,6650
2066772,6650
2071772,6650
2076772,6649
2081772,6651
2086772,6649
2091772,6650
2096772,6649
2101772,6649
2106772,6650
2111772,6649
2116772,6649
2121776,6649
2126776,6649
2131776,6650
2136776,6651
2141776,6650
2146776,6650
2151776,6650
2156780,6650
2161780,6649
2166780,6650
2171780,6650
2176780,6650
2181780,6649
2186784,6650
2191784,6649
2196784,6650
2201784,6650
2206784,6649
2211784,6650
2216784,6650
2221784,6649
2226784,6650
2231784,6650
2236784,6650
2241784,6649
2246788,6649
2251788,6650
2256788,6649
2261788,6650
2266788,6650
2271788,6649
2276788,6649
2281788,6650
2286788,6650
2291788,6650
2296788,6650
2301788,6650
2306788,6650
2311788,6649
2316792,6650
2321792,6650
2326792,6648
2331792,6651
2336792,6650
2341792,6650
2346792,6649
2351792,6648
2356792,6650
2361792,6649
2366796,6650
2371796,6650
2376796,6651
2381796,6650
2386796,6649
2391796,6650
2396796,6650
2401796,6649
2406796,6648
2411800,6650
2416800,6650
2421800,6650
2426800,6649
2431800,6650
2436800,6650
2441800,6649
2446800,6649
2451800,6650
2456800,6651
2461804,6649
2466804,6649
2471804,6649
2476804,6649
2481804,6650
2486808,6649
2491812,6650
2496812,6649
2501812,6650
2506812,6649
2511812,6650
2516816,6650
2521816,6649
2526816,6649
2531816,6649
2536816,6651
2541816,6650
2546816,6649
2551816,6650
2556816,6650
2561816,6650
2566816,6650
2571816,6650
2576820,6649
2581824,6649
2586824,6649
2591824,6649
2596824,6649
2601824,6649
2606824,6649
2611828,6649
2616832,6650
2621832,6648
2626832,6649
2631832,6650
2636836,6650
2641836,6649
2646836,6649
2651836,6650
2656836,6650
2661836,6649
2666836,6650
2671836,6650
2676836,6650
2681836,6649
2686836,6649
2691836,6649
2696836,6649
2701836,6649
2706836,6649
2711836,6650
2716836,6650
2721840,6649
2726840,6650
2731840,6649
2736840,6650
2741844,6649
2746844,6649
2751844,6650
2756844,6650
2761844,6649
2766844,6649
2771844,6650
2776844,6650
2781844,6650
2786848,6649
2791852,6649
2796852,6649
2801856,6650
2806856,6650
2811856,6650
2816856,6651
2821856,6649
2826856,6649
2831856,6650
2836856,6650
2841856,6649
2846860,6649
2851860,6650
2856860,6650
2861860,6649
2866860,6649
2871860,6649
2876860,6649
2881860,6650
2886864,6649
2891864,6649
2896868,6649
2901868,6648
2906868,6649
2911868,6649
2916868,6649
2921868,6650
2926868,6649
2931868,6650
2936868,6649
2941868,6649
2946868,6649
2951868,6649
2956868,6650
2961868,6650
2966868,6649
2971868,6649
2976868,6649
2981868,6649
2986868,6649
2991868,6649
2996868,6649
3001868,6649
3006868,6649
3011868,6649
3016868,6649
3021868,6650
3026868,6649
3031868,6648
3036868,6649
3041868,6649
3046868,6649
3051868,6650
3056868,6649
3061868,6649
3066868,6649
3071868,6650
3076868,6648
3081868,6648
3086868,6649
3091868,6649
3096872,6649
3101872,6649
3106872,6650
3111872,6649
3116876,6648
3121876,6650
3126876,6649
3131876,6649
3136876,6650
3141876,6649
3146876,6649
3151876,6649
3156876,6650
3161876,6649
3166876,6649
3171876,6649
3176876,6649
3181880,6648
3186884,6649
3191888,6650
3196888,6649
3201888,6649
3206888,6649
3211888,6649
3216892,6649
3221892,6648
3226892,6649
3231892,6649
3236892,6649
3241892,6649
3246892,6649
3251892,6649
3256892,6650
3261892,6650
3266892,6649
3271892,6649
3276892,6649
3281896,6650
3286896,6650
3291896,6649
3296896,6649
3301900,6649
3306900,6649
3311900,6648
3316900,6650
3321904,6649
3326904,6648
3331904,6651
3336904,6649
3341904,6649
3346904,6648
3351904,6650
3356904,6649
3361904,6649
3366904,6649
3371904,6649
3376904,6650
3381904,6649
3386908,6648
3391912,6649
3396912,6649
3401912,6649
3406912,6649
3411912,6649
3416912,6650
3421912,6649
3426912,6648
3431912,6649
3436912,6650
3441912,6649
3446912,6649
3451916,6649
3456916,6650
3461916,6649
3466916,6649
3471916,6649
3476916,6649
3481916,6649
3486916,6650
3491916,6649
3496916,6650
3501916,6650
3506916,6650
3511916,6650
3516916,6649
3521916,6648
3526916,6650
3531916,6649
3536916,6650
3541916,6649
3546916,6648
3551916,6650
3556916,6649
3561916,6649
3566916,6648
3571916,6650
3576916,6650
3581916,6649
3586916,6648
3591916,6650
3596916,6649
3601916,6648
3606916,6648
3611916,6649
3616920,6650
3621920,6649
3626920,6648
3631920,6649
3636920,6649
3641920,6649
3646920,6649
3651920,6649
3656920,6649
3661920,6648
3666920,6649
3671920,6649
3676920,6649
3681920,6649
3686920,6650
3691920,6650
3696924,6648
3701924,6649
3706928,6649
3711928,6649
3716928,6648
3721928,6650
3726928,6648
3731928,6649
3736928,6649
3741928,6649
3746928,6649
3751928,6649
3756928,6649
3761928,6648
3766932,6648
3771932,6648
3776936,6649
3781936,6648
3786940,6649
3791940,6650
3796940,6649
3801940,6649
3806940,6649
3811940,6649
3816940,6650
3821940,6648
3826940,6650
3831940,6649
3836940,6649
3841940,6649
3846940,6649
3851940,6650
3856940,6648
3861940,6648
3866940,6648
3871940,6649
3876944,6649
3881944,6649
3886944,6648
3891944,6649
3896948,6649
3901948,6649
3906948,6649
3911952,6650
3916952,6649
3921952,6649
3926952,6649
3931952,6648
3936952,6649
3941952,6649
3946956,6649
3951956,6649
3956956,6650
3961956,6649
3966956,6649
3971956,6649
3976956,6649
3981956,6649
3986956,6648
3991956,6649
3996956,6648
4001956,6649
4006960,6649
4011960,6649
4016960,6649
4021960,6649
4026960,6649
4031960,6649
4036960,6649
4041960,6647
4046964,6649
4051968,6648
4056968,6649
4061968,6649
4066972,6649
4071972,6649
4076972,6649
4081972,6649
4086972,6649
4091972,6648
4096972,6649
4101972,6649
4106972,6649
4111972,6649
4116972,6649
4121976,6648
4126976,6649
4131976,6648
4136976,6649
4141976,6648
4146976,6648
4151976,6649
4156976,6649
4161976,6649
4166976,6649
4171976,6649
4176976,6649
4181980,6648
4186980,6649
4191980,6649
4196980,6648
4201984,6649
4206984,6649
4211988,6649
4216988,6649
4221988,6648
4226988,6648
4231988,6649
4236988,6650
4241988,6649
4246992,6649
4251992,6649
4256992,6649
4261992,6649
4266992,6649
4271992,6649
4276992,6649
4281992,6649
4286992,6648
4291992,6648
4296992,6648
4301992,6649
4306992,6649
4311992,6650
4316992,6650
4321992,6647
4326992,6649
4331992,6648
4336992,6649
4341996,6648
4347000,6648
4352008,6649
4357008,6649
4362008,6649
4367008,6649
4372008,6649
4377008,6649
4382008,6649
4387008,6648
4392008,6649
4397008,6648
4402008,6650
4407008,6649
4412008,6649
4417008,6649
4422008,6649
4427008,6648
4432008,6649
4437012,6649
4442012,6648
4447012,6648
4452012,6649
4457012,6649
4462012,6649
4467012,6649
4472012,6649
4477012,6649
4482016,6649
4487016,6648
4492016,6649
4497016,6648
4502016,6648
4507016,6649
4512016,6649
4517016,6649
4522020,6648
4527020,6649
4532020,6649
4537020,6650
4542020,6648
4547020,6649
4552020,6650
4557020,6648
4562020,6649
4567020,6648
4572020,6649
4577020,6648
4582020,6648
4587020,6649
4592020,6649
4597020,6650
4602020,6648
4607024,6648
4612028,6649
4617028,6648
4622028,6648
4627028,6648
4632028,6649
4637028,6649
4642028,6648
4647028,6649
4652032,6649
4657032,6649
4662032,6648
4667032,6648
4672032,6648
4677032,6649
4682032,6648
4687032,6648
4692032,6648
4697032,6649
4702036,6648
4707040,6649
4712044,6649
4717044,6649
4722044,6649
4727044,6648
4732044,6648
4737044,6649
4742044,6649
4747044,6649
4752044,6648
4757044,6649
4762044,6648
4767044,6648
4772044,6648
4777044,6649
4782044,6648
4787044,6648
4792044,6649
4797044,6649
4802044,6649
4807044,6648
4812048,6648
4817048,6649
4822048,6649
4827048,6649
4832048,6649
4837048,6648
4842048,6648
4847048,6648
4852048,6648
4857048,6648
4862048,6648
4867052,6648
4872056,6649
4877056,6648
4882056,6648
4887056,6648
4892056,6649
4897056,6649
4902056,6649
4907056,6649
4912056,6650
4917056,6648
4922056,6649
4927056,6648
4932056,6648
4937056,6648
4942056,6648
4947056,6649
4952060,6649
4957064,6648
4962068,6648
4967072,6648
4972072,6649
4977072,6648
4982076,6648
4987076,6649
4992076,6648
4997076,6649
5002076,6648
5007076,6648
5012076,6648
5017080,6648
5022080,6648
5027080,6649
5032080,6648
5037080,6648
5042080,6648
5047080,6648
5052080,6649
5057080,6648
5062084,6649
5067084,6648
5072084,6649
5077084,6649
5082084,6648
5087084,6648
5092084,6648
5097084,6649
5102084,6648
5107084,6648
5112084,6649
5117084,6649
5122084,6648
5127084,6649
5132084,6649
5137084,6648
5142084,6648
5147084,6648
5152088,6649
5157088,6647
5162092,6648
5167092,6648
5172092,6648
5177092,6648
5182096,6648
5187096,6648
5192100,6649
5197100,6649
5202100,6648
5207100,6649
5212100,6648
5217100,6648
5222100,6647
5227100,6649
5232100,6648
5237100,6648
5242100,6648
5247100,6648
5252104,6649
5257108,6648
5262108,6648
5267108,6648
5272108,6649
5277108,6648
5282108,6648
5287112,6648
5292112,6648
5297112,6648
5302112,6647
5307112,6648
5312112,6648
5317112,6649
5322112,6648
5327112,6649
5332112,6649
5337112,6648
5342112,6648
5347112,6648
5352112,6649
5357112,6647
5362112,6648
5367116,6648
5372120,6649
5377120,6649
5382120,6647
5387120,6648
5392120,6648
5397120,6648
5402120,6648
5407120,6648
5412124,6649
5417128,6648
5422128,6648
5427128,6648
5432132,6649
5437132,6648
5442132,6647
5447132,6648
5452132,6649
5457132,6649
5462132,6647
5467136,6647
5472136,6650
5477136,6647
5482136,6647
5487136,6649
5492136,6648
5497136,6648
5502136,6649
5507136,6648
5512136,6648
5517136,6648
5522136,6647
5527136,6648
5532136,6649
5537136,6649
5542136,6648
5547136,6648
5552136,6649
5557136,6648
5562136,6648
5567136,6648
5572136,6649
5577136,6648
5582136,6649
5587136,6648
5592140,6649
5597140,6648
5602140,6647
5607140,6649
5612140,6648
5617144,6650
5622148,6648
5627148,6648
5632148,6648
5637148,6648
5642148,6647
5647148,6648
5652148,6649
5657148,6648
5662148,6648
5667148,6648
5672148,6648
5677152,6648
5682152,6648
5687152,6648
5692152,6648
5697152,6648
5702152,6649
5707152,6649
5712152,6649
5717152,6648
5722152,6649
5727152,6648
5732152,6648
5737152,6648
5742156,6648
5747156,6648
5752156,6648
5757156,6647
5762156,6649
5767156,6648
5772156,6648
5777156,6649
5782156,6648
5787160,6648
5792160,6648
5797160,6648
5802160,6648
5807160,6648
5812160,6648
5817160,6648
5822160,6648
5827164,6649
5832164,6649
5837168,6648
5842168,6648
5847168,6647
5852168,6648
5857168,6648
5862168,6648
5867168,6647
5872168,6649
5877168,6648
5882168,6647
5887168,6648
5892168,6648
5897168,6648
5902168,6649
5907168,6649
5912168,6648
5917168,6649
5922168,6647
5927168,6648
5932168,6649
5937172,6648
5942172,6648
5947172,6648
5952172,6648
5957176,6648
5962176,6649
5967176,6648
5972176,6649
5977176,6648
5982176,6647
5987180,6647
5992184,6649
5997184,6648
6002188,6647
6007188,6647
6012188,6648
6017188,6648
6022192,6649
6027192,6648
6032192,6649
6037192,6648
6042192,6647
6047192,6649
6052192,6648
6057192,6647
6062196,6648
6067196,6647
6072196,6647
6077196,6648
6082196,6647
6087196,6648
6092200,6649
6097200,6648
6102200,6648
6107200,6647
6112200,6648
6117200,6648
6122200,6648
6127200,6648
6132200,6648
6137204,6648
6142204,6648
6147204,6648
6152204,6648
6157204,6648
6162204,6647
6167204,6647
6172204,6648
6177204,6647
6182204,6648
6187204,6648
6192204,6647
6197204,6648
6202208,6647
6207208,6648
6212208,6648
6217212,6647
6222212,6648
6227212,6648
6232216,6648
6237216,6648
6242216,6648
6247216,6647
6252216,6647
6257216,6648
6262220,6648
6267220,6647
6272220,6647
6277224,6648
6282228,6648
6287228,6648
6292228,6648
6297232,6648
6302232,6647
6307236,6648
6312236,6648
6317236,6648
6322236,6648
6327236,6648
6332236,6648
6337236,6648
6342236,6649
6347236,6648
6352240,6647
6357244,6647
6362244,6648
6367248,6648
6372248,6648
6377248,6648
6382248,6647
6387248,6649
6392248,6648
6397248,6648
6402248,6647
6407248,6648
6412248,6649
6417248,6648
6422252,6648
6427252,6648
6432252,6648
6437252,6648
6442252,6648
6447256,6648
6452256,6649
6457256,6647
6462256,6648
6467256,6648
6472256,6648
6477256,6648
6482260,6647
6487260,6648
6492264,6649
6497264,6648
6502264,6648
6507264,6648
6512264,6647
6517264,6648
6522264,6648
6527264,6648
6532264,6647
6537264,6648
6542264,6647
6547264,6648
6552264,6649
6557264,6648
6562264,6647
6567264,6649
6572264,6649
6577264,6648
6582264,6648
6587264,6649
6592264,6648
6597264,6648
6602264,6648
6607264,6649
6612264,6648
6617264,6647
6622264,6647
6627264,6647
6632264,6648
6637264,6648
6642264,6647
6647264,6647
6652264,6647
6657264,6647
6662264,6648
6667272,6648
6672272,6648
6677272,6647
6682272,6647
6687272,6647
6692272,6648
6697272,6647
6702272,6648
6707272,6649
6712276,6649
6717276,6647
6722276,6648
6727276,6647
6732276,6648
6737276,6648
6742276,6647
6747276,6648
6752276,6647
6757280,6647
6762280,6647
6767284,6647
6772284,6647
6777288,6648
6782288,6647
6787288,6648
6792288,6648
6797288,6648
6802288,6648
6807288,6648
6812288,6649
6817288,6647
6822288,6647
6827288,6648
6832292,6648
6837292,6648
6842292,6648
6847292,6647
6852292,6648
6857292,6647
6862292,6647
6867292,6648
6872292,6648
6877292,6648
6882292,6647
6887292,6647
6892292,6648
6897292,6647
6902292,6648
6907292,6648
6912292,6648
6917292,6647
6922292,6647
6927292,6648
6932292,6648
6937292,6648
6942292,6646
6947292,6649
6952292,6648
6957292,6649
6962292,6648
6967296,6647
6972300,6648
6977300,6647
6982304,6648
6987304,6649
6992304,6648
6997304,6647
7002308,6647
7007308,6648
7012308,6648
7017308,6647
7022308,6647
7027308,6647
7032312,6648
7037312,6647
7042312,6647
7047312,6648
7052312,6647
7057312,6648
7062312,6647
7067312,6646
7072312,6648
7077312,6647
7082312,6648
7087316,6648
7092316,6648
7097316,6648
7102316,6647
7107316,6648
7112316,6648
7117316,6647
7122316,6648
7127316,6647
7132316,6649
7137316,6648
7142316,6648
7147316,6648
7152316,6648
7157316,6648
7162316,6647
7167316,6647
7172316,6647
7177316,6647
7182316,6647
7187316,6647
7192316,6648
7197316,6648
7202316,6647
7207316,6647
7212316,6648
7217316,6647
7222320,6647
7227320,6647
7232320,6647
7237320,6648
7242320,6648
7247320,6647
7252320,6647
7257320,6648
7262320,6647
7267320,6648
7272320,6648
7277324,6647
7282324,6647
7287328,6648
7292328,6647
7297328,6647
7302332,6647
7307332,6648
7312332,6648
7317332,6647
7322332,6647
7327332,6648
7332332,6647
7337332,6646
7342332,6647
7347332,6648
7352336,6648
7357336,6648
7362340,6648
7367340,6647
7372340,6648
7377340,6648
7382340,6648
7387340,6647
7392340,6647
7397340,6647
7402340,6647
7407340,6647
7412340,6647
7417340,6648
7422340,6647
7427340,6647
7432344,6647
7437348,6647
7442348,6647
7447348,6647
7452348,6648
7457348,6647
7462348,6647
7467348,6647
7472348,6648
7477348,6647
7482348,6646
7487352,6648
7492356,6648
7497356,6648
7502356,6647
7507356,6648
7512356,6647
7517356,6647
7522356,6647
7527356,6648
7532360,6648
7537360,6647
7542360,6646
7547360,6648
7552360,6648
7557360,6646
7562360,6647
7567360,6647
7572360,6647
7577364,6647
7582364,6647
7587364,6648
7592368,6648
7597368,6648
7602368,6647
7607372,6647
7612372,6647
7617372,6648
7622372,6647
7627372,6647
7632372,6647
7637372,6647
7642372,6648
7647372,6647
7652372,6647
7657372,6648
7662372,6648
7667372,6648
7672372,6647
7677372,6648
7682372,6647
7687372,6648
7692372,6648
7697376,6647
7702380,6647
7707384,6648
7712384,6648
7717384,6648
7722384,6647
7727388,6647
7732392,6648
7737396,6647
7742396,6647
7747396,6648
7752396,6647
7757396,6647
7762396,6647
7767396,6647
7772396,6647
7777396,6647
7782400,6648
7787400,6648
7792400,6647
7797400,6647
7802400,6647
7807400,6647
7812400,6647
7817400,6646
7822400,6647
7827400,6647
7832400,6648
7837400,6647
7842400,6647
7847400,6648
7852404,6647
7857404,6648
7862404,6646
7867408,6649
7872408,6648
7877408,6647
7882408,6646
7887412,6647
7892412,6648
7897412,6647
7902412,6648
7907412,6648
7912412,6648
7917412,6647
7922412,6647
7927412,6648
7932412,6648
7937412,6648
7942412,6647
7947416,6648
7952416,6647
7957416,6647
7962420,6647
7967420,6646
7972420,6647
7977420,6648
7982424,6647
7987424,6648
7992424,6647
7997424,6647
8002424,6647
8007424,6647
8012424,6647
8017424,6647
8022424,6647
8027424,6648
8032424,6647
8037424,6647
8042424,6647
8047424,6647
8052424,6648
8057424,6647
8062424,6647
8067424,6647
8072424,6647
8077424,6647
8082424,6647
8087424,6648
8092424,6647
8097428,6648
8102432,6646
8107432,6646
8112432,6647
8117432,6647
8122436,6647
8127436,6648
8132440,6648
8137440,6647
8142440,6647
8147440,6647
8152440,6647
8157440,6647
8162440,6647
8167440,6647
8172440,6648
8177440,6647
8182440,6647
8187440,6647
8192440,6648
8197440,6647
8202440,6647
8207440,6647
8212444,6647
8217444,6647
8222444,6646
8227444,6648
8232444,6648
8237444,6647
8242444,6647
8247444,6646
8252444,6646
8257444,6648
8262448,6647
8267452,6647
8272452,6647
8277452,6646
8282452,6646
8287452,6647
8292452,6648
8297456,6647
8302460,6647
8307464,6647
8312464,6648
8317464,6647
8322468,6648
8327472,6648
8332472,6647
8337472,6646
8342472,6646
8347472,6647
8352472,6647
8357472,6647
8362476,6647
8367476,6647
8372476,6647
8377476,6647
8382476,6647
8387476,6647
8392476,6647
8397476,6647
8402476,6647
8407480,6648
8412480,6647
8417480,6647
8422484,6647
8427484,6647
8432488,6647
8437492,6647
8442492,6647
8447496,6647
8452500,6647
8457500,6647
8462500,6647
8467504,6646
8472504,6647
8477504,6648
8482504,6646
8487504,6647
8492504,6647
8497504,6647
8502504,6648
8507504,6648
8512504,6646
8517504,6647
8522504,6647
8527508,6648
8532508,6648
8537508,6647
8542508,6646
8547508,6648
8552512,6648
8557512,6647
8562512,6647
8567512,6647
8572512,6647
8577516,6647
8582516,6647
8587516,6647
8592516,6648
8597520,6647
8602520,6647
8607520,6648
8612520,6646
8617520,6646
8622520,6647
8627520,6647
8632520,6647
8637520,6647
8642520,6647
8647520,6647
8652520,6647
8657520,6647
8662524,6647
8667528,6647
8672528,6646
8677528,6646
8682528,6646
8687528,6648
8692528,6647
8697528,6647
8702528,6647
8707532,6647
8712532,6647
8717532,6647
8722532,6647
8727532,6648
8732532,6647
8737532,6646
8742532,6647
8747532,6647
8752532,6647
8757532,6647
8762532,6646
8767532,6647
8772536,6647
8777536,6646
8782540,6647
8787540,6648
8792540,6647
8797540,6647
8802540,6646
8807540,6648
8812540,6647
8817544,6646
8822548,6646
8827548,6647
8832552,6647
8837552,6647
8842552,6647
8847556,6647
8852556,6646
8857556,6647
8862556,6647
8867556,6646
8872556,6647
8877556,6646
8882556,6646
8887556,6647
8892556,6647
8897556,6647
8902556,6647
8907556,6647
8912556,6647
8917556,6647
8922556,6646
8927556,6647
8932556,6646
8937556,6647
8942556,6646
8947556,6647
8952556,6648
8957556,6647
8962556,6646
8967556,6646
8972556,6648
8977560,6647
8982560,6647
8987560,6647
8992560,6647
8997560,6647
9002560,6646
9007560,6646
9012564,6647
9017564,6646
9022564,6647
9027564,6647
9032568,6647
9037568,6646
9042568,6647
9047568,6648
9052568,6647
9057568,6647
9062568,6646
9067568,6646
9072568,6647
9077568,6647
9082572,6647
9087572,6647
9092576,6647
9097576,6646
9102576,6646
9107576,6647
9112580,6647
9117580,6646
9122580,6646
9127580,6647
9132584,6647
9137584,6646
9142584,6646
9147588,6647
9152588,6647
9157588,6646
9162588,6646
9167588,6647
9172588,6646
9177588,6646
9182588,6647
9187588,6647
9192588,6647
9197588,6647
9202588,6646
9207592,6647
9212592,6647
9217592,6646
9222592,6647
9227592,6647
9232596,6646
9237600,6646
9242600,6647
9247600,6647
9252600,6647
9257600,6647
9262604,6645
9267604,6647
9272604,6646
9277604,6646
9282608,6646
9287608,6646
9292608,6646
9297608,6646
9302608,6647
9307608,6647
9312608,6647
9317608,6646
9322608,6646
9327608,6647
9332612,6646
9337612,6647
9342612,6646
9347612,6647
9352612,6647
9357612,6646
9362616,6646
9367616,6646
9372616,6646
9377616,6646
9382616,6646
9387616,6647
9392616,6647
9397620,6647
9402620,6647
9407620,6646
9412620,6647
9417620,6646
9422620,6647
9427620,6647
9432620,6646
9437620,6647
9442620,6646
9447620,6647
9452620,6647
9457620,6646
9462620,6646
9467620,6647
9472620,6647
9477624,6646
9482628,6647
9487628,6647
9492628,6646
9497628,6647
9502628,6646
9507628,6646
9512628,6647
9517628,6646
9522628,6647
9527628,6646
9532628,6646
9537628,6647
9542628,6646
9547632,6647
9552632,6647
9557632,6646
9562632,6645
9567632,6646
9572632,6646
9577632,6646
9582632,6647
9587632,6646
9592632,6646
9597632,6646
9602632,6646
9607632,6646
9612632,6647
9617632,6645
9622636,6646
9627636,6647
9632636,6646
9637636,6646
9642636,6646
9647636,6646
9652636,6646
9657636,6646
9662636,6646
9667640,6647
9672640,6646
9677640,6646
9682640,6646
9687644,6647
9692648,6646
9697648,6646
9702648,6646
9707652,6647
9712652,6646
9717652,6646
9722652,6645
9727652,6647
9732652,6646
9737652,6646
9742652,6647
9747652,6646
9752652,6647
9757652,6646
9762652,6646
9767652,6647
9772652,6647
9777652,6646
9782656,6646
9787656,6646
9792656,6647
9797656,6647
9802656,6646
9807656,6646
9812656,6646
9817656,6646
9822656,6646
9827656,6647
9832656,6646
9837656,6646
9842656,6646
9847660,6646
9852660,6647
9857664,6647
9862664,6647
9867664,6647
9872664,6646
9877664,6646
9882664,6646
9887664,6646
9892668,6646
9897668,6645
9902668,6646
9907668,6647
9912672,6646
9917672,6647
9922672,6646
9927672,6646
9932672,6647
9937672,6646
9942672,6646
9947676,6646
9952676,6646
9957676,6646
9962676,6646
9967680,6646
9972680,6646
9977680,6646
9982680,6646
9987680,6646
9992680,6646
9997680,6646
10002684,6646
10007684,6646
10012684,6647
10017684,6646
10022684,6646
10027684,6647
10032684,6646
10037684,6647
10042684,6646
10047684,6646
10052684,6647
10057684,6645
10062684,6646
10067684,6647
10072684,6647
10077684,6646
10082688,6645
10087688,6646
10092688,6646
10097688,6645
10102688,6645
10107688,6646
10112688,6647
10117688,6646
10122688,6646
10127688,6647
10132688,6646
10137688,6647
10142688,6646
10147688,6646
10152688,6646
10157692,6646
10162696,6646
10167696,6646
10172696,6646
10177696,6645
10182696,6646
10187696,6646
10192696,6646
10197696,6645
10202696,6645
10207696,6646
10212696,6646
10217696,6646
10222696,6646
10227696,6646
10232696,6646
10237696,6646
10242696,6647
10247696,6647
10252696,6646
10257696,6646
10262696,6647
10267696,6646
10272700,6645
10277704,6645
10282704,6646
10287708,6645
10292708,6646
10297708,6646
10302708,6645
10307708,6646
10312708,6646
10317708,6645
10322708,6645
10327708,6646
10332712,6645
10337712,6645
10342712,6645
10347712,6647
10352716,6646
10357716,6645
10362716,6646
10367716,6647
10372716,6646
10377716,6645
10382716,6645
10387716,6646
10392716,6645
10397716,6646
10402716,6646
10407716,6646
10412716,6646
10417716,6645
10422716,6645
10427716,6646
10432716,6646
10437716,6646
10442716,6646
10447720,6645
10452720,6646
10457720,6645
10462720,6646
10467720,6645
10472720,6646
10477720,6645
10482720,6645
10487720,6646
10492720,6646
10497720,6645
10502724,6646
10507724,6646
10512724,6646
10517724,6646
10522724,6646
10527728,6646
10532728,6646
10537732,6645
10542732,6646
10547732,6646
10552732,6645
10557732,6646
10562736,6645
10567736,6646
10572736,6646
10577736,6646
10582736,6646
10587736,6645
10592740,6645
10597740,6645
10602740,6646
10607740,6647
10612744,6645
10617744,6646
10622744,6646
10627744,6645
10632744,6645
10637744,6646
10642744,6646
10647748,6646
10652748,6645
10657748,6645
10662748,6645
10667748,6646
10672752,6646
10677756,6645
10682756,6646
10687756,6646
10692756,6645
10697756,6645
10702756,6645
10707756,6646
10712756,6646
10717756,6645
10722756,6646
10727756,6646
10732756,6645
10737756,6645
10742760,6646
10747760,6644
10752764,6647
10757764,6645
10762764,6645
10767764,6645
10772764,6646
10777764,6645
10782764,6646
10787764,6645
10792764,6645
10797764,6645
10802764,6645
10807764,6646
10812764,6645
10817764,6644
10822764,6645
10827764,6645
10832764,6645
10837764,6644
10842764,6646
10847764,6646
10852764,6646
10857764,6645
10862764,6646
10867768,6645
10872768,6646
10877768,6645
10882768,6645
10887772,6645
10892776,6645
10897776,6646
10902776,6646
10907776,6647
10912776,6645
10917776,6645
10922776,6645
10927776,6646
10932776,6645
10937776,6646
10942776,6645
10947776,6645
10952776,6645
10957776,6645
10962776,6645
10967776,6645
10972776,6645
10977776,6644
10982776,6645
10987776,6645
10992776,6645
10997776,6645
11002776,6646
11007776,6645
11012776,6645
11017780,6645
11022784,6645
11027784,6645
11032784,6645
11037784,6645
11042788,6645
11047788,6645
11052788,6645
11057788,6645
11062792,6645
11067796,6645
11072796,6645
11077800,6646
11082800,6645
11087800,6645
11092800,6645
11097800,6646
11102800,6645
11107800,6645
11112800,6645
11117800,6645
11122800,6645
11127800,6646
11132800,6645
11137800,6644
11142800,6646
11147800,6646
11152804,6646
11157804,6645
11162804,6645
11167804,6645
11172804,6645
11177804,6646
11182804,6646
11187804,6646
11192804,6646
11197808,6645
11202808,6645
11207808,6646
11212812,6646
11217812,6644
11222812,6645
11227812,6644
11232812,6645
11237812,6645
11242812,6646
11247812,6646
11252812,6645
11257812,6645
11262812,6646
11267812,6645
11272812,6644
11277812,6645
11282812,6646
11287812,6645
11292812,6646
11297812,6645
11302812,6644
11307812,6646
11312812,6645
11317812,6646
11322812,6645
11327812,6646
11332812,6645
11337812,6644
11342812,6646
11347812,6646
11352812,6646
11357812,6645
11362812,6645
11367812,6646
11372812,6645
11377816,6645
11382816,6645
11387816,6645
11392816,6644
11397816,6645
11402816,6646
11407816,6646
11412816,6644
11417816,6645
11422816,6645
11427816,6644
11432816,6644
11437816,6644
11442816,6645
11447816,6645
11452816,6646
11457816,6645
11462820,6646
11467824,6644
11472824,6644
11477824,6645
11482824,6645
11487824,6645
11492824,6645
11497824,6644
11502824,6645
11507824,6645
11512824,6645
11517824,6644
11522824,6645
11527824,6645
11532824,6644
11537824,6644
11542824,6645
11547824,6646
11552824,6645
11557824,6645
11562824,6645
11567824,6645
11572824,6645
11577824,6645
11582824,6645
11587824,6645
11592824,6644
11597828,6645
11602828,6646
11607828,6645
11612828,6644
11617832,6645
11622832,6646
11627832,6645
11632832,6645
11637836,6644
11642836,6644
11647836,6645
11652836,6644
11657836,6645
11662836,6645
11667836,6645
11672836,6645
11677836,6645
11682836,6644
11687836,6645
11692836,6645
11697836,6644
11702836,6646
11707836,6645
11712836,6645
11717836,6644
11722836,6645
11727836,6645
11732840,6645
11737840,6644
11742840,6644
11747840,6646
11752840,6645
11757844,6644
11762848,6645
11767852,6645
11772852,6644
11777852,6644
11782852,6645
11787856,6645
11792856,6645
11797856,6644
11802860,6644
11807860,6645
11812864,6645
11817868,6645
11822868,6645
11827868,6645
11832868,6645
11837868,6644
11842868,6645
11847868,6644
11852868,6644
11857868,6644
11862868,6645
11867868,6645
11872868,6644
11877868,6645
11882868,6645
11887868,6646
11892868,6643
11897872,6644
11902872,6644
11907872,6644
11912872,6645
11917872,6645
11922872,6644
11927872,6645
11932872,6644
11937872,6644
11942872,6645
11947872,6645
11952872,6643
11957872,6644
11962872,6644
11967876,6644
11972876,6644
11977876,6645
11982876,6645
11987876,6645
11992876,6644
11997876,6644
12002876,6644
12007876,6645
12012876,6644
12017876,6644
12022876,6645
12027876,6644
12032876,6644
12037876,6644
12042880,6645
12047880,6645
12052880,6645
12057884,6645
12062884,6644
12067888,6645
12072888,6644
12077888,6644
12082888,6645
12087888,6645
12092888,6644
12097888,6645
12102888,6644
12107888,6645
12112888,6645
12117888,6645
12122888,6645
12127888,6646
12132888,6644
12137888,6644
12142888,6644
12147892,6644
12152892,6644
12157892,6645
12162896,6645
12167896,6645
12172896,6644
12177900,6644
12182900,6644
12187900,6645
12192900,6644
12197900,6645
12202904,6645
12207904,6645
12212904,6644
12217904,6644
12222904,6644
12227904,6645
12232904,6644
12237904,6644
12242904,6644
12247904,6644
12252904,6645
12257904,6643
12262904,6644
12267904,6645
12272904,6643
12277904,6643
12282904,6644
12287904,6645
12292908,6644
12297912,6644
12302912,6645
12307912,6645
12312912,6645
12317916,6644
12322920,6645
12327920,6645
12332920,6644
12337924,6645
12342924,6644
12347924,6645
12352924,6644
12357924,6644
12362924,6645
12367924,6645
12372924,6645
12377924,6644
12382928,6644
12387928,6645
12392932,6644
12397932,6644
12402932,6646
12407932,6645
12412936,6645
12417936,6645
12422936,6645
12427936,6644
12432936,6645
12437936,6645
12442936,6645
12447936,6645
12452936,6645
12457936,6645
12462936,6645
12467936,6644
12472936,6645
12477936,6645
12482936,6645
12487936,6645
12492936,6645
12497936,6644
12502936,6643
12507936,6646
12512936,6644
12517936,6644
12522936,6645
12527940,6645
12532940,6644
12537940,6645
12542940,6646
12547940,6645
12552940,6645
12557940,6645
12562940,6645
12567940,6646
12572940,6646
12577940,6645
12582940,6646
12587940,6646
12592940,6645
12597940,6645
12602940,6645
12607940,6644
12612940,6645
12617940,6645
12622940,6645
12627940,6646
12632940,6645
12637940,6645
12642940,6646
12647944,6645
12652944,6645
12657944,6645
12662948,6645
12667952,6646
12672952,6645
12677952,6646
12682952,6645
12687952,6645
12692952,6646
12697952,6645
12702952,6645
12707952,6646
12712952,6645
12717952,6646
12722956,6646
12727956,6646
12732956,6645
12737956,6646
12742956,6646
12747956,6645
12752956,6645
12757956,6645
12762960,6646
12767960,6646
12772960,6646
12777960,6646
12782960,6646
12787960,6645
12792960,6646
12797960,6645
12802964,6646
12807968,6647
12812968,6647
12817968,6646
12822968,6646
12827968,6646
12832968,6646
12837968,6645
12842968,6647
12847968,6646
12852968,6646
12857972,6646
12862972,6646
12867972,6646
12872972,6647
12877972,6646
12882972,6647
12887972,6647
12892972,6646
12897972,6646
12902972,6646
12907972,6646
12912972,6646
12917972,6647
12922972,6647
12927972,6647
12932972,6646
12937972,6646
12942972,6646
12947972,6646
12952976,6647
12957976,6646
12962976,6647
12967976,6646
12972976,6646
12977976,6647
12982976,6647
12987976,6646
12992976,6646
12997976,6646
13002976,6646
13007980,6647
13012980,6646
13017980,6647
13022980,6647
13027980,6647
13032980,6646
13037984,6647
13042984,6647
13047984,6647
13052984,6646
13057988,6646
13062988,6647
13067988,6647
13072988,6646
13077988,6647
13082988,6646
13087988,6647
13092988,6647
13097992,6647
13102996,6647
13107996,6646
13112996,6647
13117996,6646
13122996,6647
13127996,6647
13132996,6647
13137996,6647
13142996,6648
13147996,6647
13152996,6647
13157996,6646
13162996,6648
13167996,6647
13172996,6647
13177996,6647
13182996,6647
13187996,6648
13192996,6647
13197996,6646
13202996,6648
13207996,6647
13212996,6647
13217996,6647
13222996,6648
13228000,6647
13233004,6647
13238004,6647
13243008,6647
13248012,6648
13253012,6646
13258012,6647
13263012,6647
13268016,6647
13273016,6647
13278016,6648
13283016,6648
13288016,6647
13293016,6648
13298016,6646
13303020,6648
13308020,6648
13313024,6647
13318024,6648
13323024,6647
13328024,6647
13333028,6647
13338028,6647
13343028,6648
13348028,6648
13353028,6647
13358028,6647
13363028,6647
13368028,6647
13373028,6647
13378028,6648
13383028,6647
13388028,6647
13393028,6648
13398028,6648
13403028,6648
13408028,6648
13413028,6648
13418028,6647
13423028,6648
13428028,6648
13433028,6647
13438028,6647
13443028,6649
13448028,6648
13453028,6648
13458028,6647
13463028,6648
13468028,6648
13473028,6649
13478028,6647
13483028,6648
13488028,6648
13493028,6647
13498028,6647
13503028,6649
13508032,6648
13513032,6647
13518032,6648
13523032,6648
13528032,6648
13533032,6647
13538036,6647
13543040,6647
13548040,6647
13553040,6649
13558044,6648
13563044,6648
13568044,6649
13573048,6647
13578048,6648
13583048,6648
13588048,6647
13593048,6648
13598048,6648
13603048,6648
13608048,6648
13613048,6647
13618048,6649
13623048,6649
13628048,6649
13633052,6648
13638056,6648
13643056,6648
13648056,6648
13653060,6648
13658064,6647
13663064,6648
13668064,6649
13673064,6648
13678064,6648
13683064,6649
13688064,6648
13693064,6648
13698064,6648
13703064,6649
13708064,6648
13713064,6647
13718064,6647
13723064,6650
13728064,6648
13733064,6648
13738064,6647
13743064,6648
13748064,6648
13753064,6648
13758064,6648
13763064,6649
13768064,6648
13773064,6648
13778064,6648
13783064,6648
13788064,6648
13793064,6648
13798068,6648
13803068,6648
13808068,6648
13813072,6648
13818072,6648
13823072,6649
13828072,6649
13833072,6648
13838072,6649
13843072,6648
13848072,6648
13853072,6649
13858076,6647
13863076,6649
13868076,6648
13873076,6647
13878076,6649
13883076,6649
13888076,6649
13893076,6648
13898076,6648
13903076,6648
13908076,6648
13913076,6647
13918076,6648
13923076,6649
13928076,6649
13933076,6649
13938076,6648
13943076,6649
13948076,6648
13953076,6648
13958076,6648
13963076,6648
13968080,6649
13973080,6648
13978084,6648
13983084,6648
13988084,6649
13993088,6649
13998088,6649
14003088,6649
14008088,6649
14013088,6649
14018088,6648
14023088,6649
14028088,6649
14033088,6648
14038088,6648
14043088,6649
14048088,6648
14053088,6648
14058088,6648
14063088,6649
14068088,6649
14073088,6649
14078088,6649
14083088,6648
14088088,6648
14093088,6648
14098088,6649
14103092,6649
14108092,6648
14113092,6648
14118092,6648
14123092,6649
14128096,6649
14133096,6649
14138100,6649
14143104,6649
14148104,6649
14153104,6648
14158104,6648
14163108,6649
14168108,6649
14173108,6648
14178108,6648
14183108,6650
14188108,6649
14193108,6648
14198108,6648
14203108,6648
14208108,6649
14213108,6648
14218108,6649
14223108,6649
14228108,6649
14233108,6649
14238108,6649
14243112,6649
14248112,6649
14253112,6648
14258112,6649
14263112,6648
14268112,6649
14273112,6648
14278116,6648
14283116,6649
14288116,6648
14293120,6648
14298120,6649
14303120,6649
14308120,6648
14313120,6648
14318120,6649
14323120,6649
14328124,6649
14333124,6648
14338124,6649
14343124,6649
14348124,6649
14353124,6648
14358124,6649
14363124,6649
14368124,6648
14373124,6649
14378124,6649
14383124,6648
14388124,6648
14393124,6649
14398128,6649
14403132,6648
14408132,6649
14413136,6648
14418136,6649
14423136,6649
14428136,6648
14433136,6648
14438136,6648
14443136,6650
14448140,6649
14453140,6649
14458140,6648
14463140,6649
14468144,6649
14473144,6648
14478144,6649
14483144,6649
14488144,6650
14493148,6649
14498148,6648
14503148,6649
14508152,6649
14513152,6648
14518156,6649
14523156,6649
14528156,6649
14533156,6648
14538156,6649
14543160,6649
14548160,6649
14553160,6648
14558160,6648
14563160,6649
14568160,6649
14573160,6648
14578160,6649
14583160,6649
14588160,6649
14593160,6649
14598160,6649
14603160,6649
14608160,6648
14613160,6649
14618160,6648
14623160,6649
14628160,6649
14633160,6648
14638160,6649
14643160,6649
14648164,6649
14653164,6648
14658164,6649
14663164,6648
14668164,6650
14673164,6648
14678164,6649
14683164,6649
14688168,6649
14693168,6648
14698168,6649
14703168,6649
14708172,6649
14713172,6648
14718172,6649
14723172,6650
14728172,6650
14733172,6649
14738172,6648
14743172,6649
14748172,6649
14753172,6649
14758172,6648
14763172,6648
14768172,6649
14773172,6649
14778172,6649
14783172,6649
14788172,6649
14793172,6649
14798172,6649
14803172,6650
14808172,6649
14813172,6648
14818172,6649
14823172,6648
14828172,6649
14833172,6650
14838172,6649
14843172,6649
14848172,6648
14853172,6648
14858172,6650
14863172,6648
14868172,6649
14873172,6648
14878172,6649
14883172,6648
14888172,6649
14893172,6649
14898172,6648
14903172,6648
14908172,6648
14913172,6648
14918172,6649
14923172,6649
14928172,6649
14933172,6649
14938172,6649
14943172,6650
14948176,6648
14953176,6649
14958176,6648
14963176,6649
14968176,6649
14973176,6648
14978176,6648
14983180,6647
14988184,6648
14993184,6649
14998188,6649
15003192,6649
15008196,6649
15013196,6649
15018200,6648
15023200,6649
15028200,6649
15033200,6648
15038200,6648
15043200,6649
15048204,6650
15053204,6649
15058204,6649
15063204,6650
15068208,6649
15073212,6648
15078216,6649
15083216,6649
15088216,6648
15093216,6648
15098216,6649
15103216,6649
15108216,6649
15113224,6648
15118224,6648
15123224,6649
15128224,6648
15133224,6648
15138224,6649
15143224,6649
15148224,6648
15153224,6649
15158224,6649
15163224,6648
15168224,6649
15173224,6648
15178224,6648
15183224,6649
15188224,6649
15193224,6649
15198224,6649
15203224,6649
15208224,6650
15213224,6649
15218224,6648
15223228,6650
15228228,6648
15233228,6648
15238228,6649
15243228,6649
15248228,6649
15253228,6648
15258232,6649
15263232,6649
15268232,6649
15273232,6650
15278232,6648
15283236,6649
15288236,6649
15293236,6650
15298236,6648
15303236,6648
15308236,6649
15313236,6648
15318236,6649
15323236,6649
15328236,6648
15333236,6648
15338236,6648
15343236,6649
15348236,6649
15353240,6648
15358240,6648
15363240,6649
15368240,6649
15373240,6648
15378240,6649
15383244,6649
15388248,6648
15393252,6648
15398252,6649
15403252,6650
15408256,6648
15413260,6649
15418260,6648
15423260,6649
15428260,6648
15433260,6649
15438260,6649
15443260,6649
15448260,6649
15453260,6649
15458260,6648
15463260,6648
15468260,6648
15473260,6648
15478260,6648
15483260,6649
15488260,6648
15493264,6648
15498264,6649
15503264,6649
15508268,6648
15513268,6648
15518268,6649
15523268,6649
15528268,6649
15533268,6649
15538268,6649
15543268,6648
15548268,6649
15553268,6648
15558268,6648
15563268,6649
15568272,6649
15573276,6648
15578276,6649
15583280,6649
15588280,6648
15593280,6649
15598280,6648
15603280,6650
15608280,6649
15613280,6648
15618280,6650
15623280,6649
15628280,6648
15633280,6648
15638280,6649
15643280,6649
15648284,6649
15653288,6648
15658288,6649
15663288,6649
15668288,6649
15673292,6648
15678292,6649
15683292,6649
15688292,6649
15693292,6648
15698292,6649
15703292,6648
15708292,6649
15713292,6648
15718296,6649
15723296,6649
15728300,6649
15733300,6648
15738300,6649
15743300,6649
15748300,6649
15753300,6648
15758304,6649
15763304,6649
15768308,6649
15773308,6648
15778312,6650
15783312,6648
15788312,6649
15793312,6650
15798312,6649
15803312,6649
15808312,6648
15813312,6648
15818316,6648
15823316,6649
15828316,6649
15833316,6648
15838316,6648
15843316,6649
15848316,6649
15853316,6648
15858316,6649
15863316,6648
15868316,6649
15873316,6648
15878316,6648
15883316,6649
15888316,6648
15893316,6648
15898316,6649
15903320,6649
15908320,6647
15913320,6648
15918320,6649
15923320,6649
15928324,6649
15933324,6648
15938328,6649
15943328,6649
15948332,6649
15953332,6649
15958332,6649
15963332,6648
15968332,6648
15973332,6648
15978332,6649
15983332,6649
15988336,6649
15993336,6648
15998340,6648
16003340,6648
16008340,6648
16013340,6648
16018344,6649
16023344,6649
16028348,6648
16033348,6648
16038348,6648
16043348,6648
16048348,6648
16053348,6648
16058348,6649
16063348,6649
16068348,6648
16073348,6649
16078348,6649
16083348,6649
16088348,6647
16093348,6648
16098348,6648
16103348,6648
16108348,6647
16113348,6648
16118348,6648
16123348,6649
16128348,6649
16133348,6649
16138348,6648
16143348,6649
16148348,6648
16153348,6647
16158348,6649
16163348,6649
16168348,6648
16173348,6647
16178348,6649
16183348,6648
16188348,6648
16193348,6648
16198348,6648
16203348,6648
16208348,6649
16213348,6649
16218352,6648
16223356,6648
16228360,6648
16233360,6648
16238360,6648
16243360,6649
16248360,6648
16253360,6647
16258360,6649
16263360,6647
16268364,6647
16273364,6648
16278364,6648
16283364,6649
16288364,6648
16293364,6648
16298364,6648
16303364,6648
16308364,6648
16313364,6649
16318364,6649
16323364,6649
16328364,6648
16333364,6648
16338364,6649
16343364,6649
16348364,6647
16353364,6648
16358364,6649
16363364,6648
16368368,6648
16373372,6648
16378376,6649
16383376,6648
16388380,6648
16393380,6648
16398384,6648
16403384,6649
16408384,6649
16413388,6648
16418388,6648
16423388,6648
16428388,6648
16433388,6649
16438388,6647
16443388,6648
16448388,6648
16453388,6648
16458388,6648
16463388,6648
16468392,6648
16473392,6647
16478392,6648
16483392,6648
16488392,6648
16493392,6647
16498392,6648
16503392,6648
16508392,6647
16513396,6647
16518396,6648
16523396,6648
16528396,6649
16533396,6648
16538396,6649
16543396,6648
16548396,6647
16553396,6648
16558396,6648
16563396,6649
16568396,6648
16573396,6648
16578396,6649
16583396,6647
16588396,6647
16593396,6648
16598400,6649
16603400,6647
16608400,6648
16613400,6649
16618400,6648
16623400,6648
16628400,6648
16633400,6647
16638404,6648
16643404,6648
16648404,6648
16653404,6648
16658404,6649
16663404,6648
16668404,6648
16673408,6648
16678408,6648
16683408,6649
16688408,6648
16693412,6647
16698412,6648
16703412,6648
16708412,6648
16713412,6647
16718412,6647
16723412,6648
16728412,6647
16733412,6648
16738412,6648
16743412,6647
16748412,6648
16753412,6649
16758412,6648
16763416,6648
16768416,6648
16773416,6648
16778416,6648
16783420,6649
16788420,6649
16793424,6647
16798424,6649
16803424,6648
16808424,6648
16813428,6648
16818428,6648
16823428,6648
16828428,6648
16833428,6648
16838428,6648
16843428,6649
16848428,6648
16853428,6648
16858428,6649
16863428,6649
16868428,6648
16873432,6647
16878432,6648
16883432,6647
16888432,6648
16893432,6648
16898432,6649
16903432,6649
16908432,6648
16913432,6648
16918432,6648
16923432,6649
16928432,6648
16933432,6648
16938432,6648
16943432,6649
16948432,6648
16953432,6647
16958436,6648
16963436,6647
16968440,6648
16973440,6648
16978440,6648
16983440,6648
16988444,6647
16993448,6648
16998448,6648
17003448,6648
17008448,6648
17013448,6648
17018448,6648
17023448,6648
17028448,6648
17033448,6648
17038448,6649
17043448,6649
17048448,6648
17053448,6648
17058448,6647
17063448,6648
17068452,6648
17073452,6649
17078452,6649
17083452,6648
17088452,6648
17093452,6648
17098452,6648
17103452,6648
17108456,6648
17113456,6648
17118456,6648
17123456,6648
17128460,6648
17133460,6649
17138460,6648
17143460,6648
17148460,6647
17153460,6647
17158460,6648
17163460,6648
17168460,6647
17173460,6647
17178460,6649
17183460,6647
17188460,6647
17193460,6647
17198460,6647
17203460,6649
17208460,6648
17213460,6648
17218460,6648
17223460,6648
17228460,6648
17233460,6648
17238460,6648
17243460,6648
17248460,6648
17253460,6647
17258464,6648
17263464,6648
17268464,6648
17273464,6648
17278468,6649
17283468,6648
17288468,6648
17293468,6648
17298468,6648
17303468,6648
17308468,6647
17313472,6648
17318472,6648
17323476,6648
17328476,6647
17333476,6648
17338480,6648
17343480,6647
17348480,6647
17353480,6647
17358480,6648
17363484,6647
17368484,6648
17373484,6648
17378488,6648
17383488,6648
17388488,6647
17393488,6648
17398488,6648
17403488,6647
17408488,6648
17413488,6648
17418492,6649
17423492,6648
17428492,6648
17433492,6647
17438492,6648
17443492,6648
17448492,6648
17453492,6648
17458492,6649
17463492,6648
17468492,6648
17473492,6648
17478492,6649
17483492,6648
17488492,6648
17493492,6647
17498496,6647
17503496,6647
17508496,6647
17513496,6647
17518496,6647
17523496,6648
17528496,6647
17533496,6647
17538496,6647
17543496,6647
17548496,6647
17553500,6647
17558500,6648
17563500,6648
17568500,6647
17573500,6647
17578500,6648
17583500,6648
17588500,6647
17593500,6647
17598500,6648
17603504,6647
17608504,6647
17613504,6647
17618504,6648
17623504,6648
17628504,6647
17633504,6647
17638504,6648
17643504,6649
17648504,6647
17653504,6647
17658504,6648
17663504,6647
17668504,6648
17673508,6648
17678508,6647
17683508,6647
17688508,6647
17693508,6648
17698508,6648
17703512,6649
17708512,6647
17713516,6647
17718516,6648
17723520,6647
17728520,6648
17733520,6647
17738520,6648
17743520,6647
17748520,6647
17753520,6647
17758520,6648
17763520,6648
17768520,6648
17773520,6647
17778520,6648
17783520,6648
17788520,6647
17793520,6647
17798520,6648
17803520,6647
17808524,6647
17813528,6648
17818532,6648
17823536,6647
17828536,6647
17833536,6646
17838536,6647
17843540,6647
17848544,6647
17853548,6647
17858548,6648
17863548,6648
17868548,6647
17873548,6647
17878548,6648
17883548,6648
17888548,6647
17893548,6647
17898548,6647
17903548,6647
17908548,6648
17913548,6648
17918548,6647
17923548,6647
17928548,6647
17933548,6649
17938548,6647
17943548,6646
17948548,6648
17953548,6646
17958548,6647
17963548,6648
17968548,6648
17973548,6647
17978548,6647
17983548,6647
17988548,6647
17993548,6648
17998548,6648
18003548,6647
18008548,6646
18013548,6647
18018548,6647
18023548,6647
18028548,6648
18033548,6647
18038548,6648
18043548,6647
18048548,6647
18053552,6647
18058552,6647
18063552,6648
18068556,6647
18073556,6648
18078560,6648
18083560,6647
18088560,6647
18093560,6647
18098560,6648
18103560,6648
18108560,6647
18113560,6647
18118560,6647
18123560,6647
18128560,6648
18133560,6647
18138560,6648
18143560,6647
18148560,6647
18153560,6646
18158560,6647
18163560,6648
18168564,6648
18173564,6647
18178564,6647
18183564,6647
18188564,6647
18193564,6647
18198564,6647
18203564,6648
18208564,6647
18213564,6647
18218564,6647
18223564,6648
18228564,6647
18233564,6647
18238564,6648
18243564,6648
18248564,6647
18253564,6648
18258564,6647
18263564,6646
18268564,6647
18273564,6648
18278564,6647
18283564,6647
18288564,6647
18293568,6647
18298572,6648
18303572,6648
18308572,6647
18313572,6647
18318572,6647
18323576,6647
18328584,6647
18333584,6648
18338584,6649
18343584,6648
18348584,6647
18353584,6647
18358584,6647
18363584,6647
18368584,6648
18373584,6647
18378584,6647
18383584,6648
18388584,6647
18393584,6647
18398584,6647
18403584,6647
18408584,6647
18413588,6647
18418588,6648
18423588,6647
18428588,6647
18433588,6647
18438588,6647
18443588,6647
18448588,6647
18453588,6648
18458592,6648
18463596,6648
18468600,6647
18473600,6647
18478604,6647
18483604,6647
18488604,6648
18493604,6648
18498608,6647
18503608,6648
18508608,6648
18513608,6646
18518608,6647
18523608,6648
18528608,6647
18533608,6646
18538608,6648
18543608,6647
18548608,6646
18553608,6647
18558608,6647
18563608,6647
18568608,6646
18573608,6647
18578612,6648
18583616,6647
18588620,6646
18593620,6647
18598620,6648
18603620,6648
18608620,6648
18613620,6647
18618620,6647
18623620,6647
18628620,6648
18633624,6648
18638624,6648
18643624,6646
18648624,6646
18653624,6647
18658624,6648
18663624,6647
18668624,6645
18673624,6647
18678624,6647
18683624,6647
18688624,6646
18693628,6648
18698628,6647
18703628,6646
18708628,6647
18713628,6647
18718628,6647
18723632,6647
18728632,6645
18733632,6647
18738636,6647
18743636,6646
18748640,6648
18753644,6647
18758644,6647
18763644,6647
18768644,6647
18773644,6647
18778644,6648
18783644,6647
18788644,6646
18793644,6647
18798644,6648
18803644,6647
18808644,6647
18813644,6647
18818644,6648
18823644,6647
18828648,6647
18833648,6647
18838648,6647
18843656,6647
18848656,6648
18853656,6647
18858656,6647
18863656,6647
18868656,6647
18873656,6647
18878656,6648
18883656,6647
18888656,6646
18893656,6647
18898656,6647
18903656,6647
18908656,6647
18913656,6646
18918656,6648
18923656,6647
18928660,6647
18933660,6647
18938660,6647
18943664,6647
18948664,6647
18953664,6647
18958664,6647
18963664,6647
18968664,6647
18973664,6647
18978664,6647
18983668,6647
18988668,6647
18993672,6647
18998672,6648
19003672,6647
19008672,6647
19013672,6647
19018672,6648
19023672,6647
19028672,6648
19033672,6647
19038672,6647
19043672,6647
19048672,6646
19053672,6647
19058672,6648
19063672,6647
19068672,6648
19073672,6647
19078672,6647
19083676,6647
19088676,6647
19093676,6647
19098676,6647
19103676,6647
19108676,6648
19113676,6648
19118676,6647
19123676,6647
19128676,6647
19133676,6646
19138680,6647
19143688,6646
19148688,6646
19153688,6646
19158688,6646
19163688,6647
19168688,6646
19173688,6647
19178688,6648
19183688,6647
19188688,6647
19193688,6647
19198688,6647
19203688,6647
19208688,6647
19213688,6648
19218688,6647
19223692,6647
19228692,6647
19233692,6647
19238692,6648
19243692,6647
19248692,6646
19253692,6647
19258692,6647
19263692,6647
19268692,6646
19273696,6647
19278700,6646
19283700,6647
19288700,6647
19293704,6647
19298708,6646
19303708,6646
19308708,6647
19313708,6647
19318708,6648
19323708,6646
19328708,6647
19333708,6647
19338708,6649
19343708,6646
19348708,6647
19353708,6647
19358708,6648
19363708,6647
19368708,6647
19373708,6647
19378708,6647
19383712,6647
19388712,6647
19393712,6647
19398712,6646
19403712,6647
19408712,6647
19413712,6647
19418712,6647
19423712,6647
19428712,6646
19433712,6647
19438712,6646
19443720,6647
19448720,6646
19453720,6646
19458720,6647
19463720,6646
19468720,6647
19473720,6647
19478720,6647
19483720,6647
19488720,6647
19493720,6647
19498720,6646
19503720,6647
19508720,6646
19513720,6647
19518720,6647
19523720,6647
19528724,6647
19533724,6646
19538724,6647
19543728,6648
19548728,6645
19553732,6646
19558732,6647
19563732,6647
19568736,6646
19573736,6648
19578736,6647
19583736,6647
19588736,6647
19593736,6646
19598736,6647
19603736,6647
19608736,6647
19613740,6646
19618740,6648
19623740,6646
19628740,6647
19633740,6646
19638740,6647
19643740,6648
19648740,6646
19653740,6646
19658740,6647
19663740,6646
19668740,6646
19673740,6647
19678740,6647
19683740,6647
19688744,6647
19693744,6646
19698744,6647
19703744,6647
19708744,6646
19713744,6648
19718748,6646
19723748,6647
19728752,6647
19733752,6647
19738752,6647
19743752,6647
19748752,6647
19753752,6647
19758752,6647
19763752,6646
19768752,6646
19773752,6647
19778752,6647
19783756,6646
19788756,6646
19793760,6646
19798764,6647
19803768,6646
19808772,6646
19813772,6646
19818772,6647
19823772,6646
19828772,6646
19833772,6647
19838772,6647
19843772,6646
19848772,6647
19853772,6647
19858772,6647
19863776,6647
19868780,6646
19873780,6647
19878780,6646
19883780,6647
19888780,6646
19893780,6647
19898780,6647
19903780,6646
19908780,6646
19913780,6646
19918780,6646
19923780,6645
19928780,6646
19933780,6647
19938784,6648
19943788,6646
19948788,6646
19953788,6647
19958792,6646
19963792,6646
19968796,6647
19973796,6646
19978796,6646
19983796,6647
19988796,6646
19993796,6647
19998796,6648
20003796,6647
20008796,6647
20013796,6647
20018796,6646
20023796,6646
20028796,6646
20033796,6647
20038796,6646
20043796,6647
20048796,6646
20053796,6647
20058796,6647
20063800,6647
20068800,6647
20073804,6647
20078804,6647
20083804,6647
20088804,6646
20093804,6647
20098804,6646
20103808,6647
20108808,6646
20113812,6646
20118812,6647
20123812,6647
20128812,6646
20133812,6647
20138812,6647
20143812,6646
20148812,6646
20153812,6646
20158812,6647
20163812,6647
20168816,6646
20173816,6646
20178816,6646
20183816,6647
20188816,6647
20193816,6647
20198820,6647
20203820,6646
20208820,6646
20213820,6646
20218820,6646
20223820,6647
20228824,6647
20233824,6647
20238824,6648
20243824,6646
20248824,6646
20253824,6647
20258824,6646
20263824,6646
20268824,6646
20273824,6647
20278824,6647
20283824,6646
20288828,6646
20293828,6647
20298828,6646
20303832,6646
20308832,6647
20313832,6647
20318832,6647
20323832,6646
20328832,6647
20333832,6646
20338832,6647
20343832,6645
20348832,6646
20353832,6647
20358832,6646
20363832,6646
20368832,6646
20373832,6646
20378832,6646
20383832,6647
20388832,6647
20393832,6647
20398836,6647
20403836,6646
20408836,6646
20413836,6647
20418836,6647
20423836,6646
20428836,6646
20433836,6647
20438836,6647
20443836,6646
20448836,6646
20453836,6646
20458836,6646
20463836,6646
20468836,6646
20473840,6646
20478840,6647
20483844,6646
20488844,6647
20493844,6646
20498844,6647
20503844,6646
20508844,6646
20513844,6647
20518844,6647
20523844,6646
20528844,6647
20533848,6647
20538848,6647
20543848,6646
20548852,6646
20553856,6647
20558860,6647
20563860,6646
20568860,6646
20573860,6646
20578860,6647
20583860,6646
20588860,6646
20593860,6646
20598860,6646
20603860,6646
20608860,6646
20613860,6646
20618860,6647
20623860,6646
20628860,6646
20633860,6646
20638864,6646
20643864,6646
20648864,6646
20653864,6647
20658864,6646
20663864,6646
20668864,6646
20673864,6646
20678864,6646
20683864,6645
20688864,6646
20693868,6646
20698868,6646
20703872,6646
20708872,6646
20713872,6647
20718872,6646
20723876,6647
20728876,6646
20733876,6647
20738876,6647
20743876,6646
20748876,6646
20753876,6646
20758876,6647
20763876,6646
20768876,6646
20773876,6647
20778876,6646
20783876,6646
20788876,6647
20793880,6647
20798880,6647
20803880,6647
20808880,6646
20813880,6646
20818880,6647
20823880,6646
20828884,6646
20833884,6646
20838888,6646
20843892,6647
20848892,6646
20853892,6647
20858892,6647
20863892,6646
20868892,6646
20873892,6647
20878892,6647
20883892,6645
20888892,6646
20893892,6646
20898896,6646
20903896,6646
20908896,6646
20913896,6646
20918896,6646
20923896,6646
20928896,6645
20933896,6645
20938896,6645
20943896,6645
20948896,6646
20953896,6646
20958896,6646
20963896,6646
20968900,6646
20973900,6646
20978900,6647
20983900,6646
20988900,6646
20993900,6645
20998900,6646
21003900,6645
21008900,6646
21013900,6646
21018900,6647
21023900,6646
21028904,6646
21033904,6646
21038904,6646
21043904,6646
21048904,6646
21053904,6646
21058904,6646
21063904,6646
21068908,6645
21073908,6646
21078908,6646
21083908,6646
21088908,6646
21093908,6646
21098908,6646
21103908,6647
21108908,6645
21113908,6647
21118908,6645
21123908,6646
21128912,6646
21133912,6647
21138912,6646
21143912,6647
21148916,6646
21153916,6646
21158920,6646
21163920,6645
21168920,6646
21173920,6647
21178920,6647
21183920,6645
21188920,6644
21193920,6646
21198924,6646
21203924,6646
21208924,6646
21213924,6647
21218924,6647
21223924,6645
21228928,6645
21233928,6646
21238928,6646
21243928,6645
21248932,6646
21253932,6647
21258932,6645
21263932,6646
21268932,6646
21273932,6646
21278932,6646
21283932,6646
21288936,6646
21293936,6646
21298940,6647
21303940,6646
21308940,6646
21313940,6647
21318940,6646
21323940,6645
21328940,6646
21333940,6647
21338940,6645
21343940,6646
21348940,6646
21353940,6645
21358940,6645
21363940,6646
21368940,6646
21373940,6646
21378944,6646
21383944,6646
21388944,6646
21393944,6646
21398944,6645
21403944,6645
21408944,6645
21413944,6646
21418948,6646
21423952,6646
21428952,6646
21433956,6646
21438956,6647
21443960,6645
21448960,6645
21453960,6646
21458964,6646
21463964,6646
21468964,6646
21473964,6647
21478964,6646
21483964,6646
21488964,6646
21493964,6646
21498964,6646
21503964,6646
21508964,6646
21513964,6647
21518964,6645
21523964,6646
21528964,6646
21533964,6646
21538964,6647
21543964,6646
21548968,6645
21553968,6647
21558972,6646
21563976,6645
21568976,6645
21573976,6647
21578976,6647
21583976,6646
21588976,6646
21593976,6646
21598976,6646
21603980,6646
21608980,6646
21613980,6647
21618980,6645
21623980,6646
21628980,6645
21633980,6646
21638980,6646
21643980,6646
21648984,6646
21653984,6646
21658984,6646
21663988,6645
21668988,6646
21673988,6646
21678988,6646
21683988,6645
21688988,6645
21693988,6646
21698988,6646
21703992,6646
21708992,6644
21713996,6645
21718996,6646
21723996,6645
21728996,6646
21733996,6647
21738996,6646
21743996,6646
21748996,6646
21753996,6646
21758996,6647
21764000,6646
21769000,6646
21774000,6646
21779000,6646
21784000,6646
21789000,6645
21794000,6646
21799000,6646
21804000,6646
21809004,6646
21814004,6646
21819008,6646
21824012,6646
21829012,6647
21834012,6645
21839012,6646
21844012,6645
21849012,6647
21854012,6645
21859012,6646
21864012,6646
21869012,6646
21874012,6647
21879012,6646
21884012,6645
21889012,6646
21894012,6647
21899012,6646
21904012,6646
21909012,6646
21914016,6646
21919020,6646
21924020,6646
21929020,6646
21934020,6646
21939020,6646
21944020,6646
21949020,6646
21954020,6646
21959020,6646
21964020,6645
21969020,6646
21974020,6646
21979020,6647
21984020,6646
21989020,6647
21994020,6647
21999024,6646
22004024,6645
22009024,6646
22014024,6646
22019028,6646
22024028,6645
22029028,6646
22034028,6646
22039028,6646
22044028,6646
22049028,6646
22054028,6646
22059028,6646
22064028,6647
22069028,6646
22074032,6647
22079036,6646
22084040,6646
22089040,6646
22094044,6646
22099044,6646
22104044,6646
22109044,6646
22114044,6646
22119044,6645
22124044,6645
22129044,6646
22134044,6645
22139044,6645
22144044,6647
22149044,6647
22154044,6646
22159044,6647
22164044,6646
22169044,6646
22174044,6646
22179044,6646
22184044,6646
22189044,6645
22194044,6646
22199044,6646
22204044,6645
22209044,6646
22214044,6647
22219044,6646
22224044,6646
22229044,6646
22234044,6646
22239044,6646
22244044,6646
22249044,6646
22254048,6646
22259048,6646
22264048,6646
22269048,6646
22274056,6646
22279056,6646
22284056,6645
22289056,6647
22294056,6647
22299056,6646
22304056,6645
22309056,6646
22314056,6646
22319060,6646
22324064,6646
22329064,6646
22334064,6646
22339064,6646
22344064,6646
22349064,6646
22354064,6647
22359064,6646
22364064,6645
22369064,6647
22374064,6646
22379064,6646
22384064,6646
22389064,6646
22394064,6647
22399064,6646
22404064,6645
22409064,6647
22414068,6646
22419068,6645
22424068,6647
22429068,6647
22434068,6647
22439068,6646
22444068,6646
22449068,6645
22454068,6646
22459068,6646
22464072,6645
22469072,6645
22474072,6645
22479076,6647
22484076,6646
22489076,6646
22494076,6647
22499076,6646
22504076,6646
22509076,6646
22514080,6646
22519080,6647
22524080,6646
22529080,6645
22534084,6646
22539084,6646
22544084,6646
22549088,6646
22554088,6647
22559088,6646
22564088,6646
22569092,6646
22574092,6646
22579092,6646
22584092,6646
22589092,6647
22594092,6646
22599092,6646
22604092,6646
22609092,6646
22614092,6646
22619092,6646
22624092,6646
22629092,6647
22634092,6648
22639092,6646
22644092,6646
22649092,6646
22654092,6647
22659092,6646
22664092,6647
22669092,6646
22674092,6646
22679092,6646
22684092,6646
22689092,6646
22694092,6646
22699092,6646
22704096,6646
22709096,6647
22714100,6647
22719100,6646
22724100,6645
22729100,6646
22734100,6647
22739100,6645
22744100,6645
22749100,6645
22754100,6646
22759100,6646
22764100,6646
22769100,6646
22774100,6646
22779104,6645
22784104,6646
22789104,6646
22794104,6646
22799104,6645
22804104,6645
22809104,6645
22814104,6647
22819104,6646
22824104,6646
22829104,6647
22834104,6646
22839104,6646
22844104,6646
22849104,6647
22854108,6647
22859108,6648
22864108,6646
22869108,6647
22874108,6647
22879108,6646
22884112,6646
22889112,6646
22894112,6646
22899112,6646
22904112,6646
22909112,6646
22914112,6646
22919112,6646
22924112,6646
22929112,6646
22934112,6647
22939116,6645
22944116,6646
22949116,6646
22954116,6646
22959116,6646
22964116,6647
22969116,6646
22974116,6647
22979116,6647
22984116,6646
22989116,6646
22994116,6647
22999116,6646
23004116,6645
23009116,6647
23014116,6647
23019116,6646
23024116,6646
23029116,6645
23034116,6646
23039116,6645
23044116,6646
23049116,6647
23054116,6647
23059116,6646
23064116,6646
23069116,6646
23074116,6646
23079116,6646
23084116,6646
23089120,6647
23094120,6646
23099124,6646
23104124,6646
23109124,6646
23114124,6646
23119128,6646
23124132,6645
23129132,6645
23134132,6646
23139132,6646
23144132,6646
23149132,6645
23154132,6646
23159132,6646
23164132,6646
23169132,6646
23174132,6647
23179132,6646
23184132,6647
23189132,6647
23194132,6647
23199132,6647
23204132,6646
23209132,6647
23214132,6646
23219132,6646
23224132,6646
23229132,6646
23234136,6646
23239136,6646
23244136,6645
23249136,6646
23254140,6647
23259144,6646
23264144,6646
23269144,6646
23274144,6646
23279144,6646
23284144,6646
23289144,6646
23294144,6647
23299144,6647
23304144,6646
23309144,6646
23314144,6646
23319144,6645
23324144,6647
23329144,6646
23334144,6647
23339144,6647
23344144,6646
23349144,6646
23354144,6647
23359144,6645
23364144,6646
23369144,6646
23374144,6646
23379144,6647
23384144,6647
23389144,6646
23394144,6647
23399144,6646
23404144,6645
23409148,6646
23414148,6646
23419148,6646
23424148,6646
23429148,6646
23434152,6647
23439152,6646
23444152,6646
23449152,6647
23454152,6646
23459156,6647
23464156,6646
23469160,6646
23474160,6646
23479160,6646
23484160,6646
23489160,6646
23494160,6646
23499164,6646
23504164,6646
23509164,6646
23514164,6646
23519164,6647
23524164,6646
23529164,6647
23534164,6647
23539164,6646
23544164,6646
23549164,6646
23554164,6646
23559164,6646
23564164,6646
23569164,6646
23574164,6646
23579164,6646
23584164,6646
23589164,6647
23594164,6646
23599164,6646
23604164,6647
23609164,6646
23614164,6647
23619164,6645
23624164,6645
23629164,6646
23634164,6647
23639164,6647
23644168,6646
23649168,6646
23654168,6647
23659168,6646
23664168,6645
23669168,6647
23674168,6647
23679168,6647
23684168,6646
23689168,6647
23694168,6645
23699168,6646
23704168,6646
23709168,6645
23714168,6647
23719168,6647
23724168,6646
23729168,6647
23734168,6647
23739168,6646
23744168,6645
23749168,6646
23754168,6646
23759168,6647
23764168,6646
23769168,6645
23774168,6647
23779168,6646
23784168,6647
23789168,6647
23794168,6646
23799168,6647
23804172,6646
23809172,6646
23814172,6647
23819172,6647
23824172,6646
23829176,6646
23834176,6647
23839180,6647
23844180,6647
23849184,6647
23854184,6646
23859184,6646
23864188,6646
23869188,6646
23874188,6647
23879188,6646
23884188,6646
23889188,6646
23894188,6646
23899188,6646
23904188,6646
23909188,6646
23914188,6646
23919188,6647
23924188,6646
23929188,6647
23934188,6647
23939188,6646
23944188,6646
23949188,6647
23954188,6647
23959188,6647
23964188,6646
23969188,6646
23974188,6647
23979188,6646
23984188,6646
23989192,6646
23994196,6646
23999196,6647
24004196,6647
24009196,6646
24014196,6647
24019196,6646
24024196,6647
24029196,6646
24034196,6646
24039196,6646
24044200,6646
24049200,6646
24054200,6647
24059200,6646
24064200,6646
24069200,6646
24074200,6646
24079200,6646
24084204,6646
24089204,6646
24094204,6646
24099204,6646
24104204,6646
24109204,6646
24114204,6647
24119204,6646
24124208,6646
24129212,6647
24134212,6647
24139212,6647
24144216,6646
24149216,6646
24154216,6646
24159216,6646
24164216,6646
24169216,6647
24174216,6647
24179216,6646
24184216,6646
24189216,6646
24194216,6647
24199216,6646
24204216,6647
24209216,6646
24214216,6647
24219216,6646
24224216,6646
24229216,6647
24234216,6646
24239216,6645
24244216,6646
24249220,6647
24254220,6646
24259220,6647
24264220,6647
24269220,6645
24274220,6647
24279220,6646
24284220,6646
24289220,6646
24294224,6646
24299224,6646
24304224,6646
24309224,6647
24314224,6646
24319224,6647
24324224,6646
24329224,6646
24334224,6647
24339224,6646
24344224,6646
24349224,6647
24354224,6646
24359224,6647
24364224,6646
24369224,6646
24374224,6646
24379224,6646
24384224,6645
24389224,6646
24394224,6647
24399224,6647
24404224,6646
24409224,6646
24414224,6646
24419224,6646
24424224,6646
24429224,6646
24434224,6647
24439224,6646
24444224,6646
24449224,6647
24454224,6647
24459224,6646
24464224,6646
24469228,6647
24474228,6647
24479228,6647
24484232,6646
24489232,6646
24494232,6647
24499236,6647
24504236,6646
24509236,6646
24514240,6647
24519240,6647
24524240,6645
24529240,6646
24534240,6647
24539240,6646
24544240,6646
24549244,6646
24554244,6646
24559244,6647
24564244,6646
24569244,6646
24574248,6647
24579248,6646
24584252,6646
24589252,6647
24594256,6645
24599256,6646
24604256,6646
24609256,6646
24614256,6646
24619260,6646
24624264,6646
24629268,6646
24634268,6645
24639268,6646
24644272,6646
24649272,6646
24654272,6646
24659276,6646
24664276,6645
24669280,6646
24674280,6647
24679280,6647
24684280,6646
24689280,6646
24694284,6645
24699284,6646
24704284,6645
24709284,6646
24714284,6646
24719284,6646
24724284,6646
24729284,6646
24734284,6646
24739284,6646
24744284,6646
24749284,6647
24754284,6647
24759284,6647
24764284,6646
24769284,6646
24774288,6646
24779288,6647
24784288,6646
24789288,6646
24794288,6646
24799292,6646
24804296,6647
24809296,6646
24814296,6647
24819296,6646
24824296,6646
24829296,6646
24834296,6647
24839296,6646
24844296,6646
24849296,6647
24854296,6646
24859296,6646
24864296,6647
24869296,6646
24874296,6647
24879296,6646
24884296,6646
24889296,6647
24894296,6646
24899296,6646
24904296,6646
24909296,6646
24914296,6647
24919296,6646
24924296,6646
24929300,6647
24934300,6646
24939300,6646
24944300,6646
24949300,6646
24954300,6647
24959300,6646
24964300,6646
24969300,6647
24974300,6646
24979300,6646
24984300,6646
24989304,6646
24994304,6646
24999304,6646
25004304,6646
25009304,6646
25014304,6646
25019304,6646
25024308,6645
25029312,6647
25034316,6646
25039316,6646
25044316,6646
25049316,6646
25054316,6646
25059316,6646
25064316,6646
25069316,6646
25074316,6647
25079316,6646
25084316,6646
25089316,6646
25094316,6647
25099316,6645
25104316,6646
25109316,6647
25114316,6646
25119320,6645
25124320,6646
25129320,6646
25134320,6647
25139324,6646
25144324,6646
25149324,6646
25154324,6647
25159324,6646
25164324,6646
25169324,6646
25174324,6646
25179324,6646
25184324,6645
25189324,6647
25194324,6646
25199324,6645
25204324,6646
25209324,6646
25214324,6646
25219324,6647
25224328,6647
25229332,6646
25234332,6647
25239332,6645
25244332,6646
25249332,6647
25254332,6645
25259332,6647
25264332,6646
25269332,6645
25274332,6646
25279332,6646
25284332,6646
25289332,6645
25294332,6646
25299332,6645
25304332,6646
25309332,6646
25314332,6646
25319336,6646
25324336,6646
25329340,6647
25334340,6646
25339340,6646
25344340,6645
25349344,6646
25354344,6647
25359344,6647
25364344,6645
25369344,6646
25374344,6645
25379344,6646
25384344,6647
25389344,6646
25394344,6646
25399344,6646
25404344,6645
25409344,6646
25414348,6646
25419348,6645
25424348,6646
25429348,6646
25434348,6646
25439348,6646
25444352,6646
25449352,6645
25454352,6647
25459352,6646
25464352,6645
25469356,6646
25474356,6647
25479356,6646
25484356,6645
25489356,6647
25494356,6646
25499356,6646
25504356,6646
25509356,6645
25514356,6645
25519356,6646
25524356,6645
25529360,6646
25534360,6646
25539360,6646
25544364,6646
25549368,6646
25554368,6646
25559368,6645
25564368,6646
25569372,6646
25574372,6646
25579372,6646
25584372,6645
25589372,6646
25594372,6646
25599372,6646
25604372,6645
25609372,6646
25614372,6646
25619372,6646
25624372,6646
25629372,6646
25634372,6646
25639372,6646
25644372,6644
25649372,6646
25654372,6645
25659376,6645
25664380,6646
25669384,6646
25674388,6645
25679388,6646
25684388,6645
25689388,6646
25694388,6645
25699392,6646
25704392,6645
25709392,6646
25714392,6645
25719392,6646
25724392,6646
25729392,6645
25734396,6646
25739396,6646
25744396,6646
25749396,6647
25754396,6646
25759396,6646
25764396,6646
25769396,6647
25774396,6647
25779396,6645
25784396,6646
25789396,6646
25794396,6646
25799396,6646
25804396,6646
25809396,6647
25814396,6645
25819396,6646
25824400,6645
25829404,6645
25834408,6646
25839408,6646
25844412,6646
25849412,6646
25854412,6645
25859416,6645
25864416,6646
25869416,6646
25874416,6646
25879416,6645
25884420,6646
25889424,6646
25894428,6647
25899432,6646
25904432,6646
25909432,6645
25914432,6646
25919432,6646
25924432,6646
25929432,6646
25934432,6645
25939436,6645
25944436,6646
25949436,6645
25954436,6646
25959436,6645
25964436,6645
25969436,6646
25974436,6646
25979436,6646
25984436,6645
25989436,6645
25994436,6646
25999436,6646
26004436,6646
26009436,6646
26014436,6646
26019436,6645
26024440,6644
26029440,6646
26034440,6646
26039440,6645
26044440,6645
26049440,6646
26054440,6646
26059440,6645
26064440,6645
26069444,6646
26074444,6646
26079444,6645
26084444,6645
26089444,6646
26094444,6646
26099444,6645
26104444,6645
26109444,6646
26114444,6646
26119444,6646
26124448,6646
26129448,6646
26134448,6646
26139448,6645
26144448,6646
26149448,6646
26154448,6646
26159448,6645
26164448,6646
26169452,6646
26174452,6646
26179452,6645
26184452,6645
26189452,6645
26194452,6646
26199452,6645
26204452,6645
26209452,6645
26214452,6646
26219452,6646
26224452,6646
26229452,6646
26234452,6646
26239452,6646
26244456,6645
26249456,6646
26254456,6645
26259456,6646
26264456,6645
26269460,6646
26274460,6645
26279464,6645
26284464,6646
26289464,6645
26294464,6646
26299468,6644
26304468,6645
26309468,6646
26314468,6645
26319468,6645
26324468,6645
26329468,6645
26334468,6646
26339472,6645
26344476,6646
26349476,6645
26354476,6645
26359476,6645
26364476,6645
26369476,6646
26374476,6646
26379476,6645
26384476,6645
26389476,6646
26394476,6645
26399476,6646
26404476,6645
26409476,6645
26414476,6646
26419476,6645
26424480,6645
26429480,6646
26434480,6645
26439480,6646
26444480,6645
26449480,6647
26454480,6645
26459480,6644
26464480,6645
26469484,6645
26474488,6645
26479492,6645
26484492,6646
26489492,6645
26494492,6645
26499492,6645
26504492,6646
26509496,6646
26514496,6645
26519496,6645
26524496,6645
26529496,6646
26534496,6645
26539496,6645
26544496,6645
26549496,6646
26554496,6646
26559500,6645
26564504,6645
26569504,6646
26574504,6646
26579504,6646
26584504,6645
26589504,6645
26594504,6645
26599504,6645
26604504,6645
26609504,6646
26614504,6646
26619504,6644
26624504,6646
26629504,6645
26634508,6645
26639512,6645
26644512,6645
26649512,6646
26654512,6646
26659516,6645
26664516,6645
26669516,6644
26674516,6645
26679516,6645
26684516,6645
26689516,6645
26694520,6645
26699520,6645
26704520,6645
26709520,6646
26714520,6645
26719520,6646
26724520,6645
26729520,6646
26734520,6646
26739520,6645
26744520,6645
26749520,6645
26754520,6645
26759520,6645
26764520,6645
26769520,6646
26774520,6645
26779520,6645
26784520,6645
26789520,6645
26794520,6644
26799520,6645
26804520,6646
26809520,6645
26814520,6645
26819520,6645
26824520,6646
26829520,6646
26834520,6646
26839524,6645
26844524,6646
26849524,6645
26854528,6645
26859532,6645
26864532,6646
26869536,6645
26874536,6645
26879536,6645
26884536,6645
26889536,6645
26894536,6645
26899536,6645
26904536,6645
26909536,6645
26914536,6645
26919536,6643
26924536,6645
26929536,6645
26934536,6645
26939540,6645
26944540,6645
26949540,6646
26954540,6645
26959540,6644
26964540,6645
26969540,6645
26974544,6645
26979544,6644
26984544,6645
26989544,6645
26994544,6644
26999544,6645
27004544,6645
27009544,6645
27014544,6646
27019544,6645
27024544,6646
27029544,6646
27034544,6644
27039544,6646
27044544,6645
27049544,6645
27054544,6646
27059544,6645
27064544,6645
27069544,6645
27074544,6645
27079544,6644
27084544,6645
27089544,6645
27094544,6645
27099544,6645
27104544,6646
27109544,6645
27114544,6645
27119544,6644
27124544,6644
27129544,6645
27134544,6645
27139544,6645
27144544,6645
27149544,6645
27154544,6645
27159544,6645
27164544,6644
27169544,6645
27174544,6645
27179544,6644
27184544,6645
27189544,6646
27194548,6645
27199548,6644
27204548,6645
27209552,6645
27214552,6646
27219556,6645
27224556,6644
27229556,6645
27234560,6645
27239560,6646
27244564,6646
27249564,6645
27254564,6645
27259564,6644
27264564,6645
27269564,6645
27274564,6645
27279564,6645
27284564,6645
27289564,6645
27294564,6645
27299564,6644
27304564,6644
27309564,6646
27314564,6645
27319564,6644
27324564,6645
27329564,6645
27334568,6645
27339572,6645
27344572,6645
27349572,6645
27354572,6645
27359572,6645
27364572,6645
27369572,6645
27374572,6644
27379572,6644
27384572,6645
27389572,6645
27394572,6645
27399572,6645
27404572,6645
27409572,6645
27414572,6645
27419572,6644
27424572,6644
27429572,6646
27434572,6644
27439572,6645
27444576,6646
27449576,6646
27454576,6645
27459576,6645
27464576,6645
27469576,6645
27474576,6645
27479576,6644
27484576,6644
27489576,6645
27494576,6644
27499576,6645
27504580,6645
27509584,6644
27514584,6645
27519588,6644
27524588,6645
27529588,6645
27534592,6645
27539592,6644
27544592,6645
27549592,6645
27554592,6645
27559592,6644
27564596,6645
27569596,6645
27574596,6644
27579600,6645
27584604,6644
27589604,6646
27594604,6645
27599604,6645
27604604,6644
27609604,6646
27614604,6645
27619604,6644
27624604,6645
27629604,6646
27634604,6645
27639604,6644
27644604,6643
27649604,6645
27654604,6644
27659608,6644
27664608,6645
27669608,6645
27674608,6645
27679608,6644
27684608,6644
27689608,6645
27694608,6645
27699608,6645
27704612,6645
27709612,6645
27714612,6645
27719612,6645
27724612,6645
27729612,6645
27734612,6645
27739616,6645
27744620,6644
27749620,6644
27754620,6645
27759624,6644
27764628,6644
27769628,6645
27774628,6645
27779628,6644
27784628,6644
27789628,6645
27794628,6645
27799628,6644
27804632,6644
27809636,6645
27814636,6645
27819640,6645
27824644,6644
27829644,6644
27834644,6645
27839644,6645
27844644,6644
27849644,6645
27854644,6646
27859644,6645
27864644,6644
27869644,6645
27874648,6646
27879648,6646
27884652,6644
27889652,6644
27894652,6644
27899652,6644
27904652,6645
27909652,6644
27914656,6645
27919656,6644
27924656,6645
27929656,6645
27934656,6645
27939656,6645
27944656,6644
27949656,6644
27954656,6646
27959656,6645
27964656,6645
27969660,6646
27974664,6644
27979668,6644
27984672,6644
27989672,6645
27994672,6645
27999672,6645
28004672,6645
28009672,6645
28014672,6644
28019672,6645
28024672,6645
28029672,6645
28034672,6645
28039672,6644
28044672,6645
28049672,6644
28054672,6644
28059672,6644
28064672,6645
28069672,6645
28074672,6644
28079672,6645
28084672,6645
28089672,6644
28094672,6644
28099672,6644
28104672,6644
28109672,6645
28114676,6644
28119676,6645
28124676,6645
28129676,6645
28134676,6645
28139676,6644
28144676,6644
28149676,6645
28154676,6644
28159676,6644
28164676,6644
28169676,6645
28174680,6644
28179684,6644
28184684,6644
28189684,6645
28194684,6645
28199688,6643
28204688,6645
28209692,6645
28214692,6644
28219692,6643
28224692,6645
28229692,6644
28234692,6645
28239692,6645
28244692,6644
28249692,6645
28254692,6645
28259692,6644
28264696,6643
28269700,6645
28274700,6645
28279700,6644
28284700,6646
28289700,6644
28294704,6645
28299704,6644
28304704,6644
28309704,6645
28314704,6645
28319704,6644
28324708,6644
28329708,6645
28334708,6645
28339708,6644
28344708,6645
28349708,6645
28354708,6644
28359708,6644
28364708,6643
28369712,6644
28374712,6644
28379712,6645
28384712,6644
28389716,6645
28394716,6643
28399716,6644
28404716,6645
28409716,6644
28414716,6645
28419716,6644
28424716,6644
28429720,6645
28434720,6644
28439720,6644
28444720,6645
28449720,6645
28454724,6643
28459724,6644
28464724,6644
28469728,6644
28474732,6645
28479732,6644
28484732,6644
28489736,6644
28494736,6644
28499736,6645
28504736,6644
28509736,6645
28514736,6644
28519736,6643
28524736,6644
28529736,6645
28534736,6645
28539736,6645
28544736,6644
28549736,6644
28554736,6643
28559736,6644
28564736,6644
28569736,6643
28574736,6644
28579736,6644
28584736,6645
28589736,6644
28594736,6645
28599736,6643
28604736,6644
28609736,6645
28614740,6644
28619740,6643
28624740,6645
28629740,6645
28634740,6643
28639740,6644
28644740,6645
28649740,6644
28654744,6643
28659744,6644
28664744,6645
28669744,6644
28674744,6645
28679748,6645
28684752,6644
28689752,6645
28694752,6644
28699752,6644
28704752,6644
28709752,6645
28714752,6643
28719752,6644
28724752,6645
28729756,6645
28734756,6643
28739756,6644
28744756,6645
28749756,6645
28754756,6644
28759756,6644
28764756,6644
28769756,6645
28774756,6644
28779756,6644
28784756,6644
28789756,6645
28794760,6645
28799764,6644
28804768,6644
28809768,6645
28814768,6644
28819768,6644
28824768,6644
28829768,6644
28834768,6645
28839768,6644
28844768,6644
28849768,6643
28854768,6644
28859768,6644
28864768,6643
28869768,6645
28874772,6644
28879772,6643
28884772,6645
28889772,6644
28894772,6644
28899772,6643
28904772,6644
28909772,6645
28914772,6644
28919776,6644
28924776,6643
28929776,6644
28934776,6645
28939776,6644
28944776,6643
28949776,6644
28954776,6645
28959776,6643
28964776,6643
28969780,6644
28974780,6643
28979784,6643
28984784,6644
28989784,6644
28994788,6644
28999788,6644
29004788,6644
29009788,6645
29014788,6644
29019788,6643
29024788,6643
29029788,6645
29034788,6645
29039788,6645
29044788,6643
29049788,6644
29054788,6644
29059788,6644
29064792,6645
29069796,6645
29074796,6644
29079796,6644
29084796,6644
29089800,6644
29094800,6643
29099800,6643
29104800,6645
29109800,6644
29114800,6644
29119800,6645
29124804,6643
29129804,6645
29134804,6645
29139804,6643
29144804,6644
29149804,6644
29154804,6644
29159804,6644
29164804,6644
29169804,6644
29174804,6644
29179804,6644
29184804,6643
29189804,6645
29194804,6643
29199804,6644
29204808,6644
29209808,6644
29214808,6644
29219808,6643
29224808,6644
29229812,6644
29234812,6643
29239812,6644
29244816,6644
29249816,6645
29254820,6644
29259824,6643
29264824,6644
29269824,6644
29274824,6644
29279824,6643
29284824,6644
29289824,6644
29294824,6644
29299824,6643
29304824,6644
29309824,6644
29314824,6644
29319824,6644
29324824,6644
29329824,6644
29334824,6644
29339824,6644
29344824,6644
29349824,6644
29354824,6644
29359824,6643
29364824,6644
29369828,6643
29374828,6645
29379828,6644
29384828,6644
29389832,6644
29394836,6645
29399836,6644
29404836,6643
29409836,6644
29414836,6643
29419836,6643
29424836,6643
29429836,6644
29434836,6644
29439836,6643
29444836,6644
29449836,6644
29454836,6643
29459836,6644
29464836,6643
29469836,6644
29474836,6644
29479840,6643
29484840,6644
29489840,6645
29494840,6644
29499844,6643
29504844,6645
29509844,6644
29514844,6644
29519848,6644
29524848,6644
29529848,6645
29534848,6643
29539848,6643
29544848,6644
29549848,6643
29554848,6644
29559848,6644
29564848,6644
29569848,6645
29574848,6644
29579848,6644
29584848,6644
29589848,6644
29594848,6643
29599848,6643
29604848,6644
29609848,6643
29614848,6644
29619848,6644
29624848,6644
29629848,6644
29634848,6644
29639848,6643
29644848,6644
29649852,6644
29654852,6644
29659852,6644
29664852,6643
29669852,6643
29674856,6644
29679856,6643
29684856,6643
29689864,6644
29694864,6644
29699868,6643
29704868,6644
29709868,6645
29714868,6644
29719868,6643
29724868,6643
29729868,6644
29734868,6644
29739868,6643
29744868,6644
29749868,6644
29754868,6645
29759868,6644
29764868,6644
29769868,6644
29774868,6643
29779868,6644
29784868,6644
29789872,6645
29794872,6643
29799876,6644
29804880,6643
29809880,6644
29814884,6644
29819884,6645
29824884,6643
29829884,6644
29834884,6643
29839884,6642
29844884,6644
29849884,6643
29854884,6643
29859884,6644
29864884,6644
29869884,6645
29874884,6644
29879884,6643
29884884,6644
29889884,6644
29894884,6643
29899884,6644
29904884,6644
29909884,6644
29914884,6644
29919884,6644
29924884,6644
29929884,6645
29934884,6644
29939884,6644
29944884,6644
29949884,6644
29954884,6643
29959884,6643
29964884,6643
29969884,6643
29974884,6643
29979884,6644
29984888,6643
29989892,6643
29994896,6644
29999896,6643
30004896,6644
30009896,6644
30014896,6644
30019896,6644
30024896,6643
30029896,6643
30034896,6644
30039896,6643
30044896,6643
30049896,6644
30054896,6643
30059896,6644
30064896,6644
30069896,6644
30074896,6643
30079896,6644
30084900,6644
30089904,6644
30094904,6644
30099904,6643
30104904,6644
30109904,6644
30114908,6643
30119908,6643
30124908,6645
30129908,6644
30134908,6643
30139908,6643
30144908,6644
30149908,6644
30154908,6643
30159912,6643
30164916,6644
30169916,6644
30174916,6644
30179916,6643
30184916,6644
30189916,6644
30194916,6643
30199916,6643
30204916,6643
30209916,6644
30214916,6645
30219916,6643
30224916,6643
30229916,6644
30234916,6643
30239916,6645
30244916,6643
30249916,6644
30254916,6643
30259916,6643
30264916,6644
30269916,6644
30274916,6643
30279916,6643
30284920,6644
30289928,6644
30294928,6644
30299928,6643
30304928,6643
30309932,6642
30314932,6643
30319932,6643
30324932,6644
30329932,6643
30334936,6643
30339936,6644
30344936,6643
30349936,6643
30354936,6645
30359936,6643
30364936,6644
30369936,6643
30374936,6643
30379936,6643
30384940,6643
30389944,6643
30394944,6642
30399948,6643
30404952,6644
30409952,6644
30414952,6643
30419952,6645
30424952,6643
30429952,6644
30434952,6643
30439952,6643
30444952,6644
30449952,6643
30454952,6644
30459952,6643
30464956,6644
30469956,6644
30474956,6644
30479956,6644
30484956,6644
30489956,6645
30494956,6643
30499956,6644
30504956,6644
30509956,6644
30514956,6643
30519956,6643
30524956,6644
30529956,6643
30534960,6642
30539960,6644
30544960,6644
30549960,6643
30554960,6644
30559960,6643
30564960,6644
30569964,6644
30574964,6643
30579964,6643
30584964,6643
30589968,6643
30594968,6643
30599968,6643
30604968,6643
30609968,6643
30614968,6644
30619968,6644
30624968,6643
30629968,6643
30634968,6644
30639968,6645
30644968,6643
30649968,6643
30654972,6644
30659972,6643
30664972,6644
30669972,6643
30674976,6644
30679980,6644
30684980,6643
30689984,6643
30694984,6643
30699984,6644
30704984,6643
30709984,6643
30714988,6643
30719988,6644
30724988,6644
30729988,6644
30734988,6644
30739988,6643
30744988,6643
30749988,6643
30754988,6643
30759988,6643
30764988,6644
30769988,6644
30774988,6642
30779988,6643
30784988,6643
30789988,6643
30794988,6643
30799992,6642
30805000,6643
30810000,6643
30815000,6643
30820000,6643
30825000,6645
30830000,6645
30835000,6644
30840000,6642
30845000,6644
30850000,6644
30855000,6643
30860000,6643
30865000,6643
30870000,6643
30875000,6643
30880000,6643
30885000,6643
30890000,6644
30895000,6643
30900000,6643
30905000,6644
30910000,6644
30915000,6642
30920000,6642
30925000,6644
30930000,6644
30935000,6643
30940000,6643
30945000,6644
30950004,6644
30955004,6643
30960008,6643
30965008,6643
30970008,6643
30975012,6643
30980012,6643
30985012,6644
30990012,6643
30995012,6643
31000012,6643
31005012,6643
31010012,6644
31015012,6644
31020012,6643
31025012,6642
31030012,6644
31035012,6643
31040012,6643
31045012,6643
31050012,6643
31055016,6642
31060016,6643
31065016,6643
31070016,6643
31075016,6643
31080016,6643
31085016,6643
31090016,6644
31095016,6643
31100016,6643
31105016,6644
31110016,6643
31115020,6643
31120020,6644
31125020,6643
31130020,6643
31135020,6644
31140020,6643
31145020,6644
31150020,6643
31155024,6643
31160024,6643
31165024,6644
31170024,6643
31175024,6644
31180024,6643
31185024,6643
31190024,6643
31195024,6643
31200028,6643
31205028,6643
31210028,6644
31215028,6644
31220028,6644
31225028,6643
31230028,6644
31235028,6642
31240028,6644
31245028,6643
31250028,6644
31255028,6643
31260028,6644
31265028,6643
31270028,6643
31275028,6643
31280028,6643
31285028,6643
31290032,6643
31295032,6644
31300032,6643
31305036,6644
31310036,6643
31315036,6642
31320040,6643
31325040,6644
31330040,6643
31335040,6643
31340040,6643
31345044,6644
31350044,6643
31355044,6643
31360044,6643
31365044,6643
31370044,6643
31375044,6643
31380044,6643
31385044,6643
31390044,6643
31395044,6643
31400044,6644
31405044,6643
31410044,6644
31415044,6643
31420044,6644
31425044,6643
31430048,6643
31435048,6643
31440048,6644
31445048,6643
31450048,6644
31455048,6644
31460048,6644
31465052,6643
31470052,6644
31475052,6643
31480052,6643
31485052,6644
31490056,6644
31495056,6644
31500056,6643
31505056,6643
31510056,6643
31515056,6644
31520056,6644
31525056,6643
31530056,6644
31535060,6643
31540060,6643
31545060,6644
31550060,6643
31555060,6643
31560060,6644
31565060,6643
31570060,6643
31575060,6643
31580060,6642
31585060,6644
31590060,6644
31595060,6642
31600060,6643
31605060,6643
31610060,6644
31615060,6644
31620060,6643
31625060,6643
31630060,6644
31635064,6644
31640064,6643
31645064,6644
31650068,6643
31655068,6643
31660068,6643
31665068,6643
31670068,6643
31675068,6643
31680068,6644
31685068,6644
31690068,6643
31695068,6643
31700068,6643
31705068,6643
31710068,6644
31715068,6643
31720068,6643
31725068,6643
31730068,6644
31735068,6643
31740068,6643
31745068,6643
31750072,6644
31755072,6643
31760072,6644
31765076,6644
31770076,6643
31775076,6644
31780076,6644
31785076,6643
31790076,6644
31795076,6642
31800076,6643
31805076,6643
31810076,6644
31815080,6643
31820080,6644
31825080,6644
31830080,6644
31835080,6643
31840080,6643
31845080,6643
31850080,6643
31855084,6644
31860084,6643
31865084,6644
31870084,6644
31875088,6643
31880088,6644
31885088,6644
31890088,6643
31895088,6643
31900088,6643
31905088,6644
31910088,6644
31915088,6644
31920088,6643
31925088,6643
31930088,6643
31935088,6644
31940088,6643
31945088,6642
31950088,6643
31955088,6643
31960092,6643
31965092,6644
31970092,6644
31975092,6644
31980092,6644
31985096,6644
31990096,6643
31995096,6644
32000096,6643
32005096,6643
32010096,6644
32015096,6644
32020096,6644
32025100,6643
32030100,6643
32035100,6643
32040104,6643
32045104,6644
32050104,6643
32055104,6642
32060104,6644
32065108,6644
32070112,6643
32075116,6643
32080116,6643
32085116,6644
32090120,6643
32095120,6643
32100120,6643
32105120,6643
32110120,6643
32115120,6643
32120120,6643
32125120,6643
32130120,6643
32135120,6643
32140120,6643
32145120,6644
32150120,6644
32155120,6642
32160120,6644
32165124,6644
32170124,6643
32175124,6643
32180124,6643
32185124,6643
32190124,6644
32195124,6643
32200124,6642
32205124,6644
32210124,6644
32215124,6643
32220124,6644
32225124,6644
32230124,6643
32235128,6644
32240128,6643
32245128,6644
32250128,6644
32255128,6643
32260132,6643
32265132,6643
32270132,6643
32275132,6643
32280132,6643
32285136,6645
32290136,6644
32295136,6644
32300136,6643
32305136,6643
32310136,6643
32315136,6643
32320136,6643
32325136,6644
32330136,6643
32335136,6642
32340136,6643
32345136,6644
32350136,6643
32355136,6642
32360136,6643
32365140,6644
32370144,6643
32375148,6643
32380148,6643
32385148,6644
32390148,6643
32395148,6643
32400148,6644
32405148,6644
32410148,6644
32415152,6643
32420152,6643
32425152,6643
32430152,6643
32435152,6643
32440156,6643
32445156,6643
32450156,6643
32455156,6643
32460156,6643
32465156,6644
32470156,6644
32475156,6643
32480160,6643
32485160,6643
32490160,6644
32495160,6644
32500160,6644
32505160,6643
32510160,6644
32515160,6644
32520164,6642
32525164,6643
32530164,6644
32535164,6643
32540168,6642
32545168,6643
32550168,6643
32555168,6643
32560168,6643
32565168,6643
32570168,6643
32575168,6644
32580168,6643
32585168,6643
32590168,6643
32595168,6643
32600168,6643
32605168,6643
32610168,6642
32615168,6643
32620168,6644
32625168,6644
32630168,6643
32635168,6643
32640168,6643
32645168,6644
32650168,6643
32655168,6644
32660168,6644
32665168,6644
32670172,6644
32675172,6643
32680172,6643
32685176,6644
32690184,6643
32695184,6643
32700184,6643
32705184,6644
32710184,6644
32715184,6643
32720188,6644
32725188,6644
32730188,6643
32735188,6643
32740188,6643
32745188,6643
32750192,6642
32755196,6643
32760196,6643
32765196,6643
32770196,6644
32775196,6643
32780200,6644
32785200,6644
32790200,6643
32795200,6643
32800200,6644
32805200,6644
32810200,6644
32815200,6643
32820200,6643
32825200,6643
32830200,6643
32835200,6644
32840200,6643
32845200,6643
32850200,6644
32855200,6644
32860200,6643
32865200,6643
32870200,6643
32875200,6643
32880200,6643
32885200,6644
32890200,6643
32895200,6644
32900200,6644
32905200,6644
32910200,6643
32915200,6642
32920200,6642
32925200,6643
32930200,6644
32935200,6643
32940200,6643
32945200,6644
32950200,6643
32955200,6643
32960204,6644
32965208,6643
32970208,6643
32975208,6644
32980212,6643
32985212,6643
32990216,6644
32995216,6643
33000216,6643
33005216,6644
33010216,6644
33015216,6643
33020216,6644
33025216,6643
33030216,6644
33035216,6643
33040216,6643
33045216,6644
33050216,6643
33055216,6643
33060216,6643
33065216,6644
33070216,6644
33075220,6644
33080220,6644
33085220,6644
33090224,6643
33095224,6644
33100224,6643
33105224,6643
33110224,6644
33115224,6644
33120224,6642
33125228,6643
33130228,6643
33135228,6643
33140232,6643
33145232,6644
33150232,6644
33155232,6644
33160232,6644
33165232,6643
33170232,6644
33175232,6643
33180232,6644
33185232,6644
33190232,6644
33195232,6644
33200232,6643
33205236,6643
33210236,6644
33215236,6643
33220236,6644
33225236,6644
33230236,6644
33235236,6643
33240236,6644
33245236,6643
33250236,6643
33255236,6643
33260240,6643
33265240,6644
33270240,6643
33275244,6643
33280244,6643
33285244,6643
33290248,6643
33295248,6644
33300248,6643
33305248,6644
33310248,6643
33315248,6643
33320248,6644
33325248,6644
33330252,6644
33335252,6644
33340252,6643
33345252,6643
33350252,6644
33355252,6643
33360252,6644
33365252,6643
33370252,6643
33375252,6643
33380252,6644
33385252,6644
33390252,6643
33395252,6643
33400252,6644
33405252,6643
33410252,6644
33415252,6644
33420256,6643
33425256,6643
33430260,6643
33435264,6644
33440264,6644
33445264,6643
33450268,6643
33455272,6644
33460272,6644
33465272,6644
33470272,6644
33475272,6644
33480272,6643
33485272,6644
33490272,6644
33495272,6643
33500272,6644
33505272,6644
33510272,6644
33515276,6644
33520276,6644
33525276,6644
33530276,6643
33535276,6643
33540276,6643
33545276,6643
33550276,6643
33555276,6643
33560276,6644
33565276,6644
33570276,6643
33575276,6642
33580276,6643
33585276,6644
33590280,6643
33595280,6644
33600280,6644
33605280,6643
33610280,6644
33615284,6643
33620284,6644
33625284,6643
33630284,6643
33635284,6643
33640284,6643
33645284,6644
33650284,6644
33655284,6644
33660284,6643
33665284,6644
33670284,6644
33675284,6643
33680284,6644
33685284,6644
33690284,6644
33695284,6644
33700284,6643
33705284,6644
33710284,6644
33715284,6644
33720284,6643
33725284,6644
33730284,6644
33735284,6644
33740284,6644
33745284,6644
33750284,6644
33755284,6644
33760284,6643
33765288,6644
33770288,6644
33775292,6644
33780292,6643
33785296,6644
33790296,6644
33795296,6643
33800300,6644
33805300,6644
33810300,6643
33815300,6643
33820300,6643
33825300,6644
33830304,6643
33835304,6643
33840304,6643
33845304,6644
33850304,6644
33855304,6643
33860304,6643
33865304,6644
33870304,6644
33875304,6644
33880304,6644
33885304,6644
33890312,6643
33895312,6643
33900312,6643
33905312,6643
33910312,6643
33915312,6644
33920312,6643
33925312,6644
33930316,6644
33935316,6643
33940320,6644
33945320,6644
33950324,6644
33955328,6643
33960328,6644
33965328,6644
33970332,6642
33975332,6644
33980332,6643
33985332,6643
33990332,6645
33995332,6644
34000332,6644
34005336,6644
34010336,6643
34015340,6643
34020340,6643
34025340,6643
34030340,6643
34035340,6643
34040340,6644
34045340,6644
34050340,6644
34055340,6643
34060340,6644
34065340,6643
34070340,6644
34075340,6643
34080340,6644
34085340,6644
34090344,6643
34095344,6644
34100344,6643
34105348,6644
34110348,6643
34115348,6643
34120348,6643
34125352,6644
34130352,6644
34135352,6643
34140352,6643
34145352,6643
34150352,6643
34155352,6643
34160352,6644
34165352,6644
34170352,6644
34175352,6644
34180352,6643
34185352,6643
34190352,6644
34195352,6643
34200352,6643
34205352,6644
34210356,6644
34215356,6642
34220356,6644
34225356,6643
34230356,6643
34235356,6644
34240356,6644
34245356,6644
34250356,6643
34255356,6643
34260360,6644
34265360,6643
34270360,6644
34275360,6643
34280360,6643
34285360,6644
34290360,6644
34295360,6643
34300364,6643
34305364,6644
34310368,6644
34315368,6644
34320368,6644
34325368,6644
34330368,6644
34335368,6643
34340368,6642
34345368,6644
34350368,6644
34355368,6644
34360368,6644
34365368,6643
34370368,6644
34375368,6643
34380368,6643
34385368,6644
34390368,6644
34395368,6643
34400372,6643
34405372,6644
34410372,6643
34415376,6643
34420380,6642
34425380,6643
34430380,6644
34435380,6643
34440380,6644
34445380,6644
34450380,6644
34455380,6644
34460380,6644
34465380,6644
34470380,6643
34475380,6643
34480380,6644
34485384,6644
34490388,6643
34495388,6644
34500388,6643
34505392,6645
34510392,6644
34515396,6644
34520396,6643
34525396,6643
34530396,6643
34535396,6643
34540396,6644
34545396,6643
34550396,6645
34555396,6643
34560396,6643
34565396,6644
34570400,6643
34575400,6643
34580400,6643
34585400,6644
34590400,6643
34595400,6643
34600400,6643
34605400,6645
34610400,6644
34615400,6644
34620400,6643
34625400,6643
34630400,6644
34635404,6643
34640404,6643
34645408,6644
34650408,6644
34655408,6643
34660408,6644
34665408,6644
34670408,6644
34675408,6643
34680408,6643
34685408,6644
34690408,6643
34695408,6643
34700408,6643
34705416,6644
34710416,6643
34715416,6643
34720416,6645
34725416,6644
34730416,6643
34735416,6643
34740416,6644
34745420,6644
34750420,6643
34755420,6644
34760420,6644
34765420,6644
34770420,6643
34775420,6643
34780420,6644
34785420,6644
34790420,6644
34795420,6643
34800420,6644
34805424,6643
34810424,6644
34815428,6643
34820428,6644
34825428,6645
34830428,6643
34835428,6643
34840428,6643
34845428,6643
34850428,6644
34855428,6644
34860432,6643
34865432,6643
34870432,6643
34875432,6643
34880432,6644
34885436,6644
34890436,6643
34895436,6643
34900436,6644
34905436,6644
34910436,6644
34915436,6644
34920436,6643
34925436,6644
34930436,6643
34935436,6642
34940440,6643
34945440,6644
34950440,6643
34955440,6643
34960444,6643
34965444,6643
34970444,6644
34975444,6643
34980444,6644
34985444,6644
34990444,6643
34995444,6642
35000444,6644
35005444,6644
35010444,6644
35015444,6644
35020444,6644
35025448,6644
35030448,6645
35035448,6642
35040448,6643
35045448,6644
35050448,6643
35055448,6644
35060448,6644
35065448,6644
35070448,6643
35075448,6643
35080448,6644
35085452,6643
35090452,6644
35095452,6643
35100452,6644
35105452,6643
35110456,6643
35115460,6644
35120460,6643
35125460,6644
35130464,6644
35135464,6644
35140464,6644
35145464,6644
35150464,6643
35155464,6643
35160464,6643
35165464,6644
35170464,6643
35175464,6643
35180464,6644
35185464,6644
35190464,6644
35195464,6643
35200464,6644
35205464,6644
35210468,6642
35215468,6643
35220468,6643
35225468,6643
35230468,6643
35235472,6643
35240472,6644
35245472,6643
35250472,6644
35255476,6643
35260480,6644
35265480,6643
35270480,6644
35275480,6643
35280480,6643
35285484,6643
35290484,6644
35295484,6644
35300484,6644
35305484,6644
35310484,6644
35315484,6642
35320484,6644
35325484,6644
35330484,6643
35335484,6643
35340484,6642
35345484,6643
35350484,6643
35355484,6643
35360484,6643
35365484,6643
35370484,6643
35375488,6643
35380488,6644
35385488,6643
35390488,6644
35395488,6643
35400488,6643
35405492,6643
35410492,6643
35415492,6643
35420492,6643
35425492,6643
35430492,6643
35435492,6643
35440492,6643
35445492,6644
35450492,6643
35455496,6644
35460496,6643
35465496,6644
35470496,6643
35475496,6644
35480496,6643
35485496,6644
35490496,6644
35495496,6643
35500496,6643
35505496,6644
35510496,6644
35515496,6643
35520496,6644
35525496,6643
35530496,6643
35535496,6643
35540500,6644
35545504,6644
35550504,6643
35555504,6643
35560504,6644
35565504,6644
35570504,6643
35575504,6643
35580504,6644
35585504,6643
35590504,6643
35595504,6643
35600504,6643
35605512,6643
35610512,6643
35615512,6643
35620512,6644
35625512,6643
35630512,6644
35635516,6644
35640516,6644
35645516,6644
35650516,6644
35655516,6643
35660520,6643
35665520,6644
35670520,6643
35675520,6643
35680524,6644
35685524,6643
35690524,6643
35695524,6643
35700524,6644
35705528,6644
35710528,6643
35715528,6643
35720528,6644
35725532,6644
35730532,6643
35735532,6644
35740532,6643
35745532,6643
35750532,6644
35755532,6643
35760532,6643
35765532,6643
35770532,6643
35775536,6643
35780536,6643
35785536,6643
35790536,6643
35795536,6643
35800540,6643
35805540,6644
35810540,6644
35815540,6643
35820540,6644
35825540,6644
35830540,6643
35835540,6643
35840540,6644
35845540,6643
35850540,6643
35855540,6643
35860540,6644
35865544,6643
35870544,6643
35875544,6644
35880548,6644
35885548,6643
35890548,6643
35895548,6644
35900552,6643
35905552,6643
35910552,6643
35915552,6643
35920552,6644
35925552,6644
35930556,6643
35935556,6643
35940556,6644
35945556,6643
35950556,6643
35955556,6643
35960556,6643
35965556,6643
35970556,6643
35975556,6643
35980556,6644
35985556,6643
35990560,6643
35995560,6643
36000560,6644
36005560,6643
36010560,6643
36015560,6642
36020560,6643
36025560,6643
36030560,6644
36035560,6642
36040560,6643
36045560,6643
36050560,6644
36055560,6643
36060560,6644
36065560,6643
36070560,6644
36075560,6643
36080560,6643
36085560,6644
36090560,6643
36095560,6644
36100560,6643
36105560,6643
36110560,6643
36115560,6643
36120564,6644
36125564,6643
36130568,6643
36135568,6643
36140572,6644
36145572,6643
36150572,6644
36155572,6643
36160572,6645
36165572,6644
36170572,6644
36175576,6644
36180576,6643
36185580,6643
36190580,6643
36195580,6643
36200580,6643
36205580,6643
36210580,6643
36215580,6643
36220580,6644
36225580,6643
36230580,6644
36235580,6643
36240580,6643
36245584,6643
36250584,6643
36255584,6643
36260584,6643
36265584,6643
36270584,6643
36275584,6642
36280588,6643
36285592,6643
36290592,6643
36295592,6643
36300596,6643
36305596,6643
36310596,6644
36315596,6645
36320600,6642
36325600,6643
36330600,6644
36335600,6642
36340600,6643
36345600,6643
36350600,6644
36355600,6643
36360600,6644
36365600,6643
36370600,6643
36375600,6643
36380600,6644
36385600,6644
36390600,6643
36395600,6643
36400600,6643
36405600,6643
36410600,6644
36415600,6643
36420600,6644
36425600,6643
36430600,6642
36435600,6643
36440600,6643
36445604,6643
36450604,6643
36455604,6642
36460604,6643
36465604,6643
36470604,6643
36475604,6643
36480604,6643
36485604,6643
36490604,6643
36495604,6643
36500604,6642
36505604,6644
36510604,6642
36515604,6644
36520604,6643
36525604,6644
36530604,6643
36535604,6643
36540604,6643
36545604,6643
36550604,6644
36555608,6642
36560608,6644
36565608,6643
36570608,6643
36575608,6643
36580608,6643
36585608,6643
36590608,6643
36595608,6643
36600612,6644
36605612,6643
36610616,6643
36615620,6643
36620620,6643
36625620,6644
36630620,6644
36635620,6642
36640620,6643
36645620,6643
36650620,6643
36655620,6643
36660620,6644
36665620,6643
36670624,6644
36675624,6643
36680628,6643
36685628,6643
36690628,6642
36695628,6643
36700628,6645
36705628,6643
36710628,6643
36715628,6643
36720628,6643
36725632,6644
36730636,6643
36735636,6644
36740636,6643
36745636,6643
36750636,6643
36755636,6643
36760636,6643
36765636,6644
36770640,6644
36775640,6642
36780640,6644
36785644,6643
36790644,6643
36795644,6643
36800648,6644
36805648,6644
36810648,6643
36815648,6643
36820648,6643
36825648,6643
36830648,6644
36835648,6642
36840648,6644
36845648,6644
36850648,6643
36855652,6643
36860652,6643
36865652,6642
36870652,6642
36875652,6643
36880652,6643
36885652,6643
36890652,6643
36895656,6643
36900656,6643
36905660,6643
36910660,6643
36915660,6643
36920664,6644
36925664,6643
36930668,6644
36935668,6643
36940668,6644
36945668,6643
36950668,6643
36955668,6643
36960668,6644
36965668,6643
36970668,6643
36975668,6643
36980668,6643
36985668,6644
36990668,6643
36995668,6643
37000672,6643
37005672,6643
37010672,6642
37015676,6643
37020680,6643
37025680,6643
37030680,6643
37035680,6642
37040680,6642
37045680,6644
37050680,6643
37055680,6643
37060680,6642
37065680,6644
37070680,6644
37075680,6642
37080680,6642
37085680,6643
37090680,6643
37095680,6643
37100680,6643
37105680,6643
37110680,6643
37115680,6642
37120680,6643
37125680,6643
37130680,6642
37135684,6643
37140684,6643
37145684,6643
37150684,6643
37155684,6643
37160684,6643
37165684,6643
37170684,6644
37175684,6643
37180688,6643
37185688,6644
37190688,6642
37195688,6643
37200688,6642
37205692,6643
37210692,6643
37215692,6644
37220692,6643
37225692,6644
37230692,6643
37235692,6643
37240692,6643
37245692,6643
37250692,6643
37255692,6643
37260692,6643
37265692,6643
37270692,6643
37275696,6643
37280696,6643
37285700,6643
37290700,6642
37295700,6642
37300704,6642
37305704,6643
37310704,6643
37315704,6642
37320712,6643
37325712,6643
37330712,6642
37335712,6643
37340712,6642
37345712,6643
37350712,6642
37355712,6643
37360712,6642
37365712,6643
37370716,6643
37375716,6642
37380716,6643
37385716,6644
37390716,6642
37395716,6642
37400716,6643
37405716,6643
37410716,6642
37415716,6642
37420716,6643
37425720,6643
37430720,6643
37435720,6642
37440720,6643
37445720,6643
37450720,6643
37455720,6642
37460720,6643
37465720,6644
37470720,6642
37475724,6643
37480724,6643
37485724,6643
37490724,6642
37495724,6643
37500724,6642
37505724,6643
37510724,6643
37515724,6643
37520724,6642
37525724,6643
37530728,6643
37535728,6642
37540728,6643
37545728,6643
37550728,6642
37555728,6643
37560728,6643
37565728,6643
37570728,6643
37575728,6643
37580728,6643
37585728,6644
37590728,6643
37595728,6642
37600728,6643
37605732,6644
37610732,6642
37615736,6642
37620744,6643
37625744,6643
37630744,6643
37635744,6643
37640744,6643
37645744,6643
37650744,6642
37655744,6643
37660744,6643
37665744,6643
37670748,6642
37675748,6643
37680752,6642
37685752,6644
37690752,6643
37695752,6643
37700752,6642
37705752,6643
37710752,6643
37715752,6642
37720752,6642
37725752,6643
37730752,6642
37735752,6643
37740752,6643
37745752,6643
37750752,6642
37755756,6643
37760756,6643
37765756,6642
37770756,6642
37775756,6642
37780756,6643
37785756,6643
37790760,6642
37795764,6642
37800768,6642
37805768,6643
37810768,6642
37815768,6643
37820768,6642
37825768,6643
37830768,6643
37835768,6643
37840768,6642
37845768,6643
37850768,6643
37855768,6642
37860768,6642
37865768,6642
37870768,6642
37875768,6642
37880772,6643
37885776,6643
37890776,6643
37895776,6642
37900776,6644
37905776,6643
37910776,6642
37915776,6643
37920776,6643
37925776,6644
37930776,6643
37935776,6641
37940776,6642
37945776,6643
37950776,6642
37955776,6642
37960776,6643
37965780,6643
37970784,6643
37975784,6642
37980784,6643
37985788,6643
37990788,6643
37995788,6644
38000788,6643
38005788,6643
38010788,6643
38015788,6643
38020788,6643
38025792,6643
38030796,6642
38035796,6642
38040796,6643
38045796,6643
38050796,6642
38055796,6643
38060796,6642
38065796,6643
38070796,6642
38075796,6642
38080796,6643
38085796,6643
38090796,6642
38095796,6642
38100796,6643
38105800,6644
38110800,6642
38115800,6642
38120800,6643
38125800,6642
38130800,6642
38135800,6643
38140800,6643
38145800,6642
38150800,6643
38155800,6643
38160800,6643
38165800,6643
38170800,6642
38175800,6642
38180800,6643
38185800,6643
38190800,6643
38195800,6643
38200800,6643
38205800,6643
38210800,6643
38215800,6643
38220808,6643
38225808,6643
38230808,6641
38235808,6642
38240808,6642
38245808,6643
38250808,6643
38255812,6643
38260816,6643
38265816,6643
38270816,6643
38275816,6642
38280816,6643
38285816,6642
38290816,6643
38295820,6643
38300820,6642
38305820,6643
38310820,6641
38315820,6643
38320820,6643
38325820,6643
38330824,6642
38335824,6642
38340824,6642
38345824,6643
38350824,6642
38355824,6642
38360824,6643
38365824,6643
38370824,6641
38375828,6642
38380828,6642
38385828,6642
38390828,6643
38395828,6642
38400828,6642
38405828,6642
38410828,6642
38415828,6642
38420828,6643
38425828,6643
38430828,6642
38435828,6642
38440828,6642
38445828,6643
38450828,6643
38455828,6642
38460828,6643
38465828,6643
38470828,6643
38475828,6642
38480828,6643
38485828,6642
38490828,6642
38495828,6642
38500828,6643
38505828,6642
38510828,6642
38515828,6643
38520828,6643
38525828,6642
38530832,6642
38535836,6642
38540836,6642
38545836,6643
38550840,6643
38555840,6641
38560840,6642
38565840,6643
38570840,6642
38575840,6642
38580844,6643
38585844,6642
38590844,6643
38595844,6643
38600848,6643
38605848,6643
38610848,6643
38615848,6642
38620848,6643
38625848,6642
38630848,6641
38635848,6641
38640848,6642
38645848,6642
38650848,6642
38655848,6642
38660848,6643
38665852,6642
38670856,6642
38675856,6643
38680856,6643
38685856,6642
38690856,6642
38695856,6642
38700856,6643
38705856,6643
38710856,6643
38715856,6643
38720856,6643
38725860,6643
38730860,6642
38735860,6642
38740860,6642
38745860,6643
38750860,6643
38755860,6642
38760864,6642
38765864,6643
38770864,6642
38775864,6641
38780868,6643
38785868,6642
38790868,6642
38795868,6643
38800868,6642
38805868,6643
38810868,6642
38815868,6642
38820872,6643
38825876,6641
38830876,6641
38835876,6642
38840876,6643
38845876,6641
38850876,6642
38855876,6642
38860876,6642
38865880,6643
38870880,6642
38875880,6642
38880884,6642
38885884,6642
38890884,6642
38895884,6642
38900884,6642
38905884,6643
38910884,6642
38915884,6643
38920884,6642
38925884,6642
38930884,6642
38935888,6642
38940892,6642
38945896,6642
38950896,6643
38955896,6642
38960896,6642
38965896,6643
38970896,6641
38975896,6642
38980896,6643
38985896,6642
38990896,6641
38995896,6642
39000896,6643
39005896,6642
39010896,6642
39015896,6642
39020896,6643
39025900,6643
39030900,6642
39035904,6643
39040904,6643
39045904,6642
39050904,6642
39055908,6642
39060908,6643
39065908,6642
39070908,6642
39075908,6641
39080908,6642
39085908,6642
39090908,6642
39095908,6642
39100908,6642
39105908,6642
39110908,6643
39115908,6641
39120908,6643
39125908,6642
39130908,6643
39135908,6643
39140908,6642
39145908,6642
39150908,6642
39155908,6642
39160908,6643
39165908,6642
39170908,6642
39175908,6642
39180908,6642
39185908,6642
39190908,6642
39195908,6642
39200912,6642
39205912,6642
39210912,6642
39215912,6641
39220912,6642
39225912,6643
39230916,6642
39235916,6641
39240916,6642
39245916,6642
39250916,6642
39255916,6641
39260916,6642
39265916,6642
39270916,6642
39275916,6642
39280916,6643
39285916,6642
39290916,6641
39295916,6641
39300916,6643
39305916,6642
39310916,6642
39315916,6642
39320916,6643
39325916,6642
39330916,6643
39335916,6642
39340916,6642
39345916,6642
39350916,6642
39355916,6643
39360920,6642
39365920,6643
39370920,6641
39375920,6641
39380920,6642
39385924,6642
39390928,6642
39395928,6642
39400928,6642
39405928,6642
39410928,6641
39415928,6642
39420936,6642
39425936,6642
39430936,6642
39435936,6642
39440936,6642
39445936,6642
39450936,6642
39455936,6642
39460936,6642
39465936,6642
39470936,6642
39475936,6642
39480936,6641
39485936,6642
39490936,6643
39495936,6642
39500936,6642
39505936,6642
39510936,6642
39515936,6642
39520936,6642
39525936,6642
39530936,6642
39535936,6641
39540936,6643
39545936,6642
39550936,6641
39555936,6642
39560936,6643
39565936,6642
39570936,6642
39575936,6642
39580936,6642
39585936,6642
39590936,6642
39595936,6642
39600936,6642
39605936,6642
39610936,6641
39615940,6642
39620940,6642
39625940,6642
39630940,6641
39635940,6641
39640940,6642
39645940,6641
39650944,6642
39655944,6641
39660944,6642
39665944,6641
39670944,6641
39675944,6641
39680944,6641
39685944,6642
39690944,6642
39695944,6641
39700944,6642
39705944,6642
39710944,6642
39715944,6641
39720944,6642
39725944,6642
39730944,6642
39735944,6642
39740944,6642
39745948,6642
39750948,6641
39755948,6642
39760948,6641
39765948,6642
39770948,6641
39775948,6642
39780948,6642
39785948,6643
39790948,6642
39795948,6642
39800952,6642
39805960,6641
39810960,6642
39815960,6641
39820960,6642
39825960,6642
39830960,6642
39835960,6642
39840960,6642
39845960,6641
39850960,6641
39855960,6642
39860960,6642
39865960,6642
39870960,6642
39875960,6642
39880960,6642
39885960,6642
39890960,6642
39895964,6641
39900964,6642
39905964,6642
39910964,6640
39915968,6643
39920968,6642
39925968,6642
39930968,6642
39935968,6642
39940968,6642
39945968,6642
39950972,6641
39955972,6642
39960972,6642
39965972,6642
39970972,6642
39975976,6642
39980976,6642
39985976,6641
39990976,6642
39995976,6641
40000976,6642
40005976,6642
40010976,6641
40015980,6642
40020980,6643
40025980,6642
40030980,6641
40035980,6641
40040980,6642
40045980,6641
40050980,6642
40055980,6642
40060984,6642
40065984,6642
40070984,6642
40075984,6641
40080984,6642
40085984,6642
40090988,6642
40095988,6642
40100988,6642
40105992,6641
40110992,6642
40115992,6642
40120996,6642
40125996,6641
40130996,6641
40135996,6640
40140996,6642
40145996,6642
40150996,6641
40156000,6642
40161000,6641
40166000,6641
40171000,6641
40176000,6642
40181000,6642
40186000,6642
40191000,6641
40196000,6642
40201000,6642
40206000,6642
40211000,6642
40216000,6641
40221000,6641
40226000,6642
40231000,6642
40236004,6642
40241004,6641
40246004,6642
40251004,6641
40256008,6642
40261012,6642
40266012,6642
40271012,6641
40276012,6641
40281012,6643
40286012,6641
40291012,6641
40296012,6642
40301012,6642
40306012,6643
40311012,6641
40316012,6641
40321012,6642
40326012,6642
40331012,6641
40336012,6642
40341012,6641
40346016,6642
40351016,6642
40356016,6642
40361016,6641
40366016,6641
40371016,6642
40376016,6642
40381016,6642
40386016,6642
40391016,6642
40396016,6642
40401016,6641
40406024,6642
40411024,6642
40416024,6641
40421024,6642
40426024,6642
40431024,6642
40436024,6641
40441024,6643
40446024,6641
40451024,6641
40456024,6642
40461024,6642
40466024,6641
40471024,6642
40476024,6641
40481024,6642
40486024,6641
40491024,6641
40496024,6641
40501024,6642
40506024,6641
40511028,6641
40516028,6642
40521028,6642
40526028,6642
40531028,6641
40536028,6641
40541028,6641
40546028,6642
40551028,6641
40556028,6641
40561032,6642
40566032,6642
40571032,6641
40576032,6641
40581032,6642
40586032,6641
40591032,6641
40596032,6642
40601036,6642
40606036,6642
40611036,6641
40616036,6642
40621036,6641
40626036,6641
40631036,6642
40636036,6641
40641036,6641
40646036,6641
40651036,6641
40656040,6641
40661040,6642
40666040,6642
40671044,6641
40676044,6642
40681048,6642
40686048,6642
40691048,6641
40696048,6641
40701048,6642
40706056,6642
40711056,6641
40716056,6642
40721060,6642
40726060,6642
40731060,6641
40736060,6641
40741060,6642
40746060,6642
40751060,6641
40756060,6642
40761060,6640
40766060,6641
40771060,6641
40776060,6642
40781060,6641
40786060,6642
40791060,6641
40796064,6641
40801068,6642
40806068,6641
40811072,6641
40816072,6641
40821072,6641
40826072,6641
40831076,6641
40836080,6641
40841080,6642
40846080,6642
40851080,6641
40856080,6641
40861080,6641
40866080,6641
40871080,6641
40876080,6640
40881080,6641
40886080,6641
40891080,6641
40896080,6642
40901080,6642
40906080,6641
40911080,6641
40916080,6641
40921080,6641
40926080,6641
40931084,6641
40936084,6641
40941084,6642
40946084,6641
40951088,6641
40956092,6641
40961092,6642
40966092,6641
40971092,6641
40976092,6641
40981092,6642
40986092,6642
40991092,6640
40996092,6641
41001092,6642
41006096,6641
41011096,6641
41016096,6642
41021096,6642
41026096,6641
41031096,6641
41036096,6642
41041096,6642
41046096,6642
41051096,6641
41056096,6641
41061096,6642
41066096,6641
41071096,6641
41076096,6642
41081096,6641
41086096,6641
41091096,6640
41096096,6641
41101096,6641
41106096,6640
41111096,6640
41116096,6641
41121096,6641
41126100,6641
41131100,6641
41136100,6640
41141100,6641
41146100,6641
41151100,6641
41156100,6641
41161104,6642
41166104,6641
41171104,6640
41176104,6641
41181104,6642
41186104,6641
41191104,6641
41196104,6641
41201104,6642
41206104,6642
41211104,6642
41216104,6642
41221104,6642
41226104,6641
41231104,6642
41236104,6642
41241108,6641
41246108,6642
41251108,6641
41256108,6642
41261108,6643
41266108,6641
41271108,6642
41276108,6640
41281108,6642
41286112,6641
41291116,6641
41296116,6642
41301116,6641
41306120,6640
41311120,6641
41316120,6641
41321120,6641
41326120,6642
41331120,6641
41336120,6641
41341120,6641
41346120,6641
41351120,6642
41356120,6641
41361120,6643
41366120,6641
41371120,6641
41376124,6641
41381124,6642
41386124,6641
41391124,6640
41396124,6642
41401124,6640
41406124,6641
41411128,6642
41416128,6641
41421132,6642
41426132,6641
41431136,6640
41436136,6641
41441136,6642
41446136,6641
41451136,6641
41456136,6641
41461140,6642
41466140,6641
41471140,6640
41476140,6642
41481140,6642
41486140,6641
41491140,6641
41496140,6641
41501144,6642
41506144,6640
41511144,6641
41516144,6641
41521144,6641
41526144,6642
41531144,6640
41536144,6641
41541148,6642
41546148,6641
41551148,6640
41556148,6641
41561148,6642
41566148,6642
41571152,6640
41576152,6642
41581152,6642
41586152,6641
41591152,6641
41596152,6640
41601152,6642
41606152,6641
41611152,6640
41616152,6641
41621152,6642
41626152,6641
41631152,6642
41636152,6641
41641152,6641
41646156,6642
41651156,6641
41656156,6642
41661156,6640
41666156,6641
41671156,6641
41676156,6642
41681156,6642
41686156,6642
41691156,6641
41696156,6641
41701156,6641
41706160,6641
41711160,6640
41716160,6641
41721164,6641
41726164,6641
41731164,6641
41736164,6641
41741164,6642
41746164,6641
41751164,6641
41756164,6641
41761164,6642
41766164,6641
41771164,6642
41776164,6641
41781164,6641
41786164,6641
41791164,6641
41796164,6641
41801168,6641
41806168,6640
41811168,6641
41816168,6641
41821168,6642
41826168,6640
41831168,6642
41836168,6642
41841168,6640
41846168,6641
41851168,6641
41856168,6642
41861168,6641
41866168,6641
41871168,6641
41876168,6641
41881168,6641
41886168,6641
41891172,6641
41896172,6642
41901176,6641
41906184,6641
41911184,6641
41916184,6640
41921188,6641
41926188,6641
41931188,6641
41936188,6641
41941188,6642
41946188,6641
41951188,6640
41956188,6641
41961188,6642
41966188,6641
41971188,6641
41976188,6641
41981188,6641
41986188,6641
41991188,6640
41996188,6641
42001188,6641
42006188,6642
42011188,6640
42016188,6641
42021188,6641
42026188,6641
42031188,6640
42036188,6641
42041188,6641
42046188,6641
42051188,6641
42056188,6640
42061188,6642
42066188,6642
42071188,6640
42076188,6642
42081188,6641
42086192,6642
42091196,6641
42096196,6641
42101196,6640
42106196,6640
42111196,6640
42116200,6641
42121200,6640
42126200,6641
42131200,6641
42136204,6641
42141204,6642
42146204,6641
42151204,6641
42156204,6641
42161204,6641
42166204,6640
42171204,6641
42176204,6641
42181208,6641
42186208,6640
42191208,6640
42196212,6641
42201212,6642
42206216,6640
42211216,6640
42216216,6642
42221216,6641
42226216,6641
42231216,6641
42236216,6640
42241216,6640
42246220,6641
42251220,6641
42256220,6641
42261220,6641
42266220,6641
42271220,6641
42276220,6641
42281220,6640
42286224,6641
42291224,6641
42296224,6641
42301224,6641
42306224,6641
42311224,6640
42316224,6640
42321224,6642
42326224,6641
42331224,6641
42336224,6641
42341224,6641
42346228,6641
42351228,6640
42356232,6641
42361232,6641
42366232,6641
42371232,6639
42376236,6641
42381236,6641
42386236,6641
42391236,6640
42396236,6641
42401236,6642
42406236,6641
42411236,6641
42416240,6641
42421240,6641
42426240,6641
42431240,6641
42436240,6641
42441244,6640
42446244,6641
42451244,6640
42456244,6640
42461248,6641
42466248,6641
42471248,6641
42476252,6642
42481252,6640
42486252,6641
42491252,6642
42496256,6641
42501256,6641
42506256,6641
42511256,6641
42516256,6641
42521256,6641
42526256,6640
42531256,6641
42536256,6641
42541256,6641
42546256,6641
42551260,6641
42556264,6641
42561264,6640
42566264,6641
42571264,6641
42576264,6641
42581264,6641
42586264,6641
42591264,6641
42596264,6641
42601264,6640
42606264,6641
42611264,6641
42616264,6642
42621264,6641
42626264,6641
42631264,6641
42636268,6641
42641268,6641
42646268,6641
42651268,6641
42656268,6641
42661268,6641
42666268,6640
42671268,6641
42676268,6641
42681268,6641
42686268,6641
42691268,6640
42696268,6641
42701268,6641
42706268,6640
42711268,6640
42716268,6640
42721272,6641
42726272,6641
42731272,6641
42736276,6641
42741276,6641
42746276,6640
42751276,6640
42756280,6640
42761280,6641
42766280,6641
42771280,6640
42776280,6641
42781280,6642
42786284,6642
42791288,6641
42796288,6640
42801288,6640
42806288,6641
42811288,6640
42816288,6641
42821288,6641
42826292,6641
42831296,6640
42836296,6641
42841296,6642
42846296,6640
42851296,6640
42856296,6641
42861300,6641
42866300,6641
42871304,6641
42876304,6641
42881304,6641
42886308,6641
42891308,6639
42896308,6640
42901308,6640
42906308,6640
42911308,6640
42916308,6641
42921308,6640
42926308,6641
42931308,6640
42936308,6641
42941308,6642
42946308,6641
42951308,6641
42956308,6641
42961308,6640
42966308,6640
42971308,6641
42976308,6640
42981308,6640
42986308,6641
42991308,6640
42996308,6642
43001308,6641
43006308,6640
43011308,6641
43016308,6641
43021308,6641
43026308,6641
43031308,6640
43036308,6640
43041308,6641
43046308,6640
43051308,6640
43056308,6640
43061312,6641
43066312,6640
43071312,6640
43076312,6641
43081312,6640
43086312,6640
43091312,6639
43096312,6641
43101312,6642
43106312,6641
43111312,6640
43116312,6642
43121312,6640
43126312,6641
43131312,6641
43136312,6641
43141312,6640
43146312,6641
43151312,6641
43156312,6641
43161312,6640
43166312,6640
43171312,6640
43176312,6642
43181312,6641
43186312,6640
43191312,6641
43196312,6640
43201312,6641
43206312,6642
43211312,6640
43216312,6641
43221312,6641
43226316,6640
43231320,6640
43236320,6641
43241320,6640
43246324,6640
43251324,6641
43256328,6639
43261328,6641
43266328,6640
43271332,6640
43276332,6640
43281332,6641
43286332,6641
43291332,6640
43296332,6640
43301332,6640
43306332,6640
43311332,6640
43316332,6640
43321332,6640
43326332,6640
43331332,6641
43336332,6641
43341336,6641
43346340,6641
43351340,6640
43356340,6641
43361340,6641
43366340,6640
43371340,6640
43376340,6641
43381340,6641
43386340,6640
43391340,6640
43396340,6641
43401340,6640
43406344,6641
43411344,6640
43416344,6640
43421344,6641
43426344,6641
43431344,6641
43436344,6641
43441344,6641
43446344,6640
43451344,6640
43456344,6641
43461344,6641
43466344,6640
43471344,6641
43476344,6640
43481344,6641
43486344,6641
43491344,6640
43496344,6641
43501344,6642
43506344,6640
43511344,6640
43516344,6641
43521344,6641
43526344,6640
43531344,6641
43536344,6641
43541344,6641
43546348,6640
43551352,6640
43556352,6641
43561356,6640
43566356,6640
43571356,6641
43576360,6640
43581360,6640
43586364,6641
43591364,6640
43596364,6640
43601364,6640
43606364,6641
43611364,6641
43616364,6641
43621364,6640
43626368,6640
43631368,6640
43636368,6640
43641368,6641
43646368,6640
43651368,6641
43656368,6641
43661368,6641
43666372,6641
43671372,6640
43676376,6641
43681380,6641
43686380,6641
43691380,6640
43696380,6641
43701384,6640
43706388,6640
43711388,6641
43716388,6640
43721388,6641
43726388,6639
43731388,6640
43736388,6640
43741388,6641
43746388,6640
43751388,6640
43756392,6640
43761392,6641
43766396,6641
43771396,6641
43776396,6640
43781396,6641
43786396,6641
43791396,6641
43796396,6640
43801396,6640
43806396,6641
43811396,6641
43816396,6641
43821396,6640
43826396,6640
43831396,6640
43836396,6640
43841396,6642
43846400,6640
43851400,6640
43856400,6641
43861400,6641
43866400,6641
43871400,6641
43876400,6641
43881400,6641
43886400,6641
43891404,6640
43896404,6641
43901408,6641
43906408,6641
43911408,6640
43916412,6641
43921416,6640
43926416,6640
43931416,6640
43936416,6641
43941416,6639
43946416,6640
43951416,6640
43956416,6640
43961416,6641
43966420,6641
43971420,6640
43976420,6641
43981420,6641
43986420,6640
43991420,6640
43996420,6640
44001420,6641
44006420,6641
44011420,6642
44016420,6641
44021424,6640
44026424,6640
44031424,6640
44036424,6640
44041424,6640
44046424,6641
44051424,6641
44056424,6640
44061428,6640
44066428,6641
44071432,6641
44076432,6641
44081432,6641
44086436,6640
44091440,6640
44096444,6641
44101444,6640
44106444,6640
44111444,6641
44116444,6640
44121444,6641
44126444,6640
44131444,6640
44136444,6641
44141444,6640
44146444,6640
44151444,6640
44156444,6640
44161444,6641
44166444,6640
44171444,6640
44176444,6641
44181444,6641
44186444,6639
44191444,6640
44196444,6640
44201444,6640
44206444,6640
44211444,6640
44216444,6640
44221448,6640
44226448,6640
44231448,6640
44236448,6640
44241448,6640
44246448,6641
44251448,6640
44256448,6640
44261452,6640
44266452,6639
44271456,6639
44276460,6640
44281460,6640
44286464,6640
44291468,6639
44296468,6641
44301472,6640
44306476,6640
44311476,6641
44316476,6640
44321476,6640
44326476,6640
44331476,6640
44336476,6640
44341476,6641
44346476,6639
44351476,6640
44356480,6641
44361480,6640
44366480,6641
44371480,6640
44376480,6640
44381480,6640
44386480,6639
44391480,6640
44396484,6641
44401488,6641
44406492,6640
44411496,6640
44416496,6640
44421496,6641
44426496,6640
44431500,6640
44436500,6640
44441500,6641
44446500,6640
44451500,6639
44456504,6640
44461508,6640
44466508,6640
44471508,6641
44476508,6641
44481508,6641
44486508,6640
44491508,6640
44496508,6640
44501508,6641
44506508,6640
44511508,6640
44516508,6640
44521508,6641
44526508,6639
44531508,6640
44536508,6641
44541508,6640
44546508,6640
44551508,6640
44556508,6640
44561508,6640
44566508,6641
44571508,6640
44576508,6640
44581508,6640
44586508,6641
44591508,6639
44596508,6640
44601508,6640
44606512,6641
44611512,6640
44616512,6641
44621512,6640
44626512,6640
44631512,6640
44636512,6640
44641516,6640
44646520,6641
44651520,6640
44656520,6640
44661520,6639
44666520,6640
44671520,6640
44676524,6640
44681524,6640
44686524,6640
44691528,6640
44696528,6640
44701528,6640
44706528,6641
44711528,6640
44716528,6641
44721528,6640
44726528,6640
44731528,6641
44736528,6641
44741528,6640
44746528,6640
44751528,6640
44756528,6640
44761528,6640
44766528,6640
44771528,6640
44776528,6640
44781528,6641
44786528,6639
44791528,6640
44796528,6641
44801528,6641
44806528,6640
44811528,6640
44816528,6640
44821528,6641
44826528,6640
44831528,6640
44836528,6640
44841528,6640
44846528,6640
44851528,6639
44856528,6640
44861528,6640
44866528,6640
44871528,6640
44876528,6640
44881528,6639
44886532,6639
44891536,6639
44896536,6640
44901540,6640
44906544,6641
44911544,6640
44916544,6640
44921544,6641
44926544,6640
44931544,6640
44936544,6641
44941544,6640
44946544,6639
44951544,6639
44956544,6640
44961544,6641
44966544,6639
44971544,6640
44976544,6641
44981544,6640
44986544,6640
44991544,6641
44996548,6639
45001548,6640
45006552,6640
45011552,6639
45016556,6641
45021556,6641
45026560,6640
45031560,6640
45036564,6640
45041564,6640
45046564,6640
45051564,6639
45056564,6640
45061564,6640
45066564,6640
45071564,6640
45076564,6639
45081564,6640
45086564,6639
45091564,6641
45096564,6639
45101564,6640
45106564,6640
45111564,6640
45116564,6641
45121564,6641
45126564,6640
45131564,6640
45136564,6640
45141564,6641
45146564,6640
45151564,6640
45156564,6640
45161564,6640
45166564,6639
45171564,6640
45176564,6640
45181564,6641
45186564,6641
45191568,6640
45196568,6640
45201568,6640
45206568,6640
45211568,6639
45216568,6640
45221568,6639
45226568,6640
45231568,6640
45236568,6640
45241568,6640
45246572,6640
45251572,6640
45256572,6640
45261572,6641
45266572,6639
45271572,6641
45276576,6640
45281576,6639
45286576,6640
45291576,6640
45296576,6640
45301576,6640
45306576,6639
45311576,6640
45316576,6640
45321580,6639
45326580,6639
45331580,6640
45336584,6640
45341584,6640
45346584,6640
45351584,6640
45356584,6641
45361584,6641
45366588,6639
45371588,6641
45376588,6639
45381592,6640
45386592,6639
45391592,6640
45396596,6640
45401596,6640
45406596,6640
45411596,6640
45416600,6639
45421604,6640
45426604,6640
45431604,6640
45436604,6641
45441604,6640
45446604,6640
45451604,6640
45456608,6640
45461608,6639
45466608,6641
45471608,6639
45476608,6640
45481608,6640
45486608,6640
45491608,6640
45496608,6640
45501612,6639
45506612,6639
45511612,6640
45516612,6641
45521612,6640
45526612,6640
45531612,6641
45536612,6640
45541612,6640
45546612,6640
45551612,6640
45556612,6640
45561616,6640
45566620,6640
45571620,6640
45576624,6640
45581628,6640
45586628,6640
45591628,6640
45596628,6640
45601628,6640
45606632,6639
45611632,6639
45616632,6640
45621632,6640
45626632,6639
45631632,6640
45636632,6640
45641632,6639
45646632,6640
45651632,6640
45656632,6640
45661632,6639
45666632,6640
45671632,6640
45676632,6639
45681632,6640
45686632,6640
45691632,6639
45696632,6641
45701636,6640
45706640,6640
45711640,6640
45716640,6640
45721640,6640
45726640,6640
45731640,6640
45736640,6640
45741640,6640
45746640,6640
45751640,6639
45756640,6640
45761640,6640
45766640,6639
45771640,6639
45776640,6640
45781644,6640
45786644,6640
45791644,6639
45796644,6640
45801644,6641
45806644,6639
45811644,6640
45816644,6640
45821644,6639
45826644,6640
45831644,6639
45836644,6640
45841644,6639
45846648,6640
45851656,6639
45856656,6639
45861656,6639
45866656,6640
45871656,6640
45876656,6640
45881656,6640
45886656,6639
45891656,6640
45896656,6640
45901656,6640
45906656,6640
45911656,6639
45916656,6640
45921656,6640
45926656,6639
45931656,6640
45936660,6641
45941660,6640
45946660,6639
45951660,6639
45956660,6640
45961660,6640
45966660,6640
45971660,6639
45976660,6641
45981660,6639
45986660,6639
45991664,6639
45996664,6640
46001664,6640
46006664,6639
46011664,6639
46016664,6639
46021664,6640
46026664,6639
46031664,6640
46036668,6640
46041672,6638
46046672,6639
46051672,6640
46056672,6640
46061676,6639
46066676,6639
46071676,6639
46076680,6640
46081680,6639
46086684,6639
46091684,6640
46096684,6640
46101688,6639
46106688,6639
46111688,6639
46116692,6640
46121692,6639
46126692,6639
46131692,6640
46136692,6640
46141692,6640
46146692,6639
46151692,6640
46156692,6638
46161696,6639
46166696,6640
46171696,6638
46176696,6639
46181696,6640
46186696,6639
46191696,6639
46196696,6640
46201696,6639
46206696,6639
46211696,6639
46216696,6639
46221696,6638
46226696,6639
46231696,6639
46236696,6640
46241696,6640
46246696,6639
46251696,6639
46256696,6639
46261700,6640
46266700,6639
46271700,6639
46276700,6639
46281704,6640
46286704,6639
46291704,6640
46296704,6639
46301704,6640
46306704,6639
46311704,6638
46316704,6640
46321704,6639
46326708,6640
46331712,6639
46336712,6640
46341712,6638
46346716,6638
46351716,6639
46356716,6639
46361716,6639
46366716,6640
46371716,6639
46376716,6640
46381716,6640
46386716,6639
46391716,6638
46396720,6639
46401720,6640
46406720,6639
46411720,6639
46416720,6640
46421724,6640
46426724,6640
46431724,6638
46436728,6639
46441728,6639
46446728,6639
46451732,6639
46456732,6639
46461732,6639
46466732,6639
46471732,6639
46476732,6639
46481732,6639
46486732,6640
46491732,6639
46496732,6639
46501732,6639
46506732,6639
46511732,6639
46516732,6639
46521732,6640
46526732,6639
46531732,6639
46536732,6638
46541736,6639
46546736,6639
46551736,6639
46556740,6639
46561744,6639
46566744,6638
46571744,6639
46576748,6639
46581748,6639
46586748,6639
46591748,6639
46596748,6640
46601748,6640
46606752,6639
46611752,6639
46616752,6639
46621752,6640
46626752,6638
46631752,6639
46636752,6639
46641752,6639
46646752,6638
46651752,6638
46656752,6640
46661756,6639
46666760,6639
46671760,6638
46676760,6640
46681760,6639
46686760,6639
46691760,6639
46696760,6638
46701760,6639
46706760,6639
46711764,6639
46716764,6640
46721768,6638
46726768,6639
46731768,6639
46736768,6640
46741768,6640
46746768,6639
46751768,6639
46756768,6639
46761768,6639
46766768,6639
46771768,6639
46776768,6640
46781768,6638
46786768,6638
46791768,6640
46796772,6640
46801772,6639
46806772,6638
46811772,6639
46816772,6639
46821772,6639
46826772,6638
46831772,6638
46836772,6640
46841772,6639
46846772,6639
46851772,6639
46856772,6639
46861772,6639
46866772,6639
46871772,6639
46876772,6639
46881772,6639
46886772,6638
46891772,6639
46896772,6638
46901772,6639
46906772,6639
46911772,6639
46916772,6638
46921776,6638
46926776,6639
46931776,6638
46936776,6639
46941776,6638
46946776,6638
46951776,6638
46956780,6639
46961780,6638
46966780,6638
46971780,6638
46976780,6639
46981784,6639
46986784,6639
46991784,6638
46996784,6639
47001788,6639
47006788,6638
47011788,6637
47016788,6639
47021788,6639
47026788,6638
47031788,6638
47036788,6638
47041788,6639
47046792,6639
47051792,6638
47056792,6639
47061792,6638
47066792,6639
47071792,6639
47076792,6639
47081792,6638
47086792,6638
47091792,6639
47096792,6639
47101792,6639
47106792,6638
47111792,6638
47116792,6639
47121792,6639
47126792,6638
47131792,6638
47136792,6638
47141792,6638
47146792,6638
47151792,6638
47156796,6639
47161796,6639
47166800,6638
47171800,6640
47176800,6639
47181800,6638
47186800,6638
47191800,6638
47196800,6638
47201800,6638
47206800,6638
47211800,6639
47216800,6638
47221800,6639
47226800,6637
47231800,6638
47236800,6639
47241800,6638
47246800,6639
47251800,6638
47256800,6639
47261800,6639
47266800,6638
47271800,6639
47276800,6638
47281800,6638
47286800,6638
47291800,6638
47296800,6639
47301800,6638
47306800,6639
47311800,6638
47316800,6639
47321800,6638
47326800,6637
47331804,6638
47336804,6638
47341804,6638
47346804,6637
47351808,6638
47356812,6638
47361812,6638
47366812,6638
47371812,6637
47376812,6639
47381812,6638
47386812,6638
47391812,6638
47396812,6639
47401812,6638
47406812,6638
47411812,6638
47416812,6639
47421812,6639
47426812,6638
47431812,6638
47436812,6639
47441812,6638
47446812,6639
47451812,6638
47456812,6638
47461812,6638
47466812,6638
47471812,6639
47476812,6639
47481812,6639
47486812,6638
47491812,6638
47496812,6639
47501812,6638
47506812,6638
47511812,6639
47516812,6639
47521812,6638
47526812,6637
47531812,6639
47536812,6638
47541812,6638
47546812,6637
47551816,6639
47556816,6638
47561816,6638
47566816,6639
47571816,6639
47576816,6638
47581816,6639
47586816,6638
47591816,6638
47596816,6639
47601816,6638
47606816,6638
47611816,6638
47616816,6638
47621816,6638
47626816,6638
47631820,6637
47636820,6638
47641820,6638
47646820,6637
47651820,6638
47656820,6638
47661820,6638
47666820,6639
47671820,6638
47676820,6639
47681820,6638
47686820,6639
47691820,6638
47696820,6638
47701820,6638
47706820,6638
47711824,6638
47716824,6639
47721824,6637
47726824,6638
47731824,6639
47736824,6638
47741824,6638
47746824,6637
47751824,6637
47756828,6638
47761828,6638
47766828,6637
47771832,6638
47776832,6638
47781832,6638
47786832,6638
47791832,6638
47796832,6639
47801836,6637
47806836,6637
47811836,6638
47816836,6639
47821840,6638
47826840,6638
47831840,6638
47836840,6638
47841840,6637
47846840,6637
47851844,6638
47856844,6637
47861844,6638
47866844,6638
47871844,6638
47876844,6638
47881844,6638
47886844,6638
47891844,6638
47896844,6638
47901848,6638
47906848,6638
47911848,6638
47916848,6639
47921848,6638
47926848,6638
47931852,6639
47936852,6639
47941852,6638
47946852,6638
47951852,6638
47956852,6638
47961852,6639
47966852,6637
47971852,6639
47976852,6638
47981852,6638
47986852,6638
47991856,6638
47996856,6639
48001856,6638
48006860,6638
48011864,6638
48016868,6638
48021872,6638
48026872,6638
48031872,6638
48036872,6638
48041872,6638
48046872,6638
48051872,6638
48056872,6638
48061872,6638
48066876,6638
48071876,6638
48076876,6638
48081880,6639
48086880,6637
48091884,6638
48096884,6638
48101888,6638
48106888,6638
48111888,6639
48116888,6639
48121888,6637
48126888,6638
48131888,6639
48136892,6638
48141892,6638
48146892,6638
48151892,6639
48156892,6638
48161896,6638
48166896,6638
48171896,6638
48176896,6637
48181896,6639
48186896,6638
48191896,6638
48196896,6638
48201896,6638
48206896,6638
48211896,6638
48216896,6638
48221896,6638
48226896,6637
48231896,6638
48236900,6638
48241900,6638
48246900,6637
48251900,6637
48256900,6638
48261900,6638
48266900,6638
48271900,6638
48276900,6639
48281900,6638
48286904,6637
48291908,6638
48296908,6638
48301908,6638
48306908,6636
48311908,6638
48316908,6639
48321908,6638
48326908,6638
48331908,6638
48336908,6638
48341908,6638
48346908,6637
48351908,6638
48356908,6639
48361908,6637
48366908,6638
48371908,6638
48376912,6638
48381912,6638
48386912,6637
48391912,6638
48396912,6639
48401912,6638
48406912,6638
48411912,6637
48416912,6638
48421912,6637
48426912,6637
48431912,6638
48436912,6638
48441912,6638
48446916,6639
48451916,6637
48456916,6638
48461916,6638
48466916,6638
48471916,6637
48476920,6637
48481920,6638
48486920,6638
48491920,6638
48496920,6638
48501920,6639
48506920,6637
48511920,6637
48516920,6638
48521920,6638
48526920,6638
48531920,6638
48536920,6638
48541920,6638
48546924,6637
48551924,6638
48556924,6637
48561924,6638
48566924,6637
48571924,6637
48576924,6638
48581924,6638
48586924,6637
48591924,6639
48596924,6638
48601924,6638
48606924,6638
48611924,6638
48616924,6638
48621924,6639
48626924,6637
48631924,6637
48636924,6638
48641928,6638
48646932,6638
48651932,6638
48656932,6637
48661932,6638
48666932,6638
48671932,6638
48676932,6638
48681932,6637
48686932,6637
48691932,6638
48696932,6638
48701932,6638
48706932,6638
48711932,6638
48716932,6637
48721932,6638
48726932,6638
48731932,6638
48736932,6637
48741932,6638
48746932,6637
48751932,6638
48756932,6639
48761932,6638
48766932,6637
48771932,6638
48776932,6639
48781932,6638
48786936,6638
48791936,6638
48796936,6638
48801936,6637
48806936,6638
48811936,6639
48816936,6638
48821936,6638
48826936,6637
48831936,6637
48836936,6638
48841936,6638
48846940,6637
48851940,6638
48856940,6638
48861940,6637
48866940,6637
48871940,6638
48876940,6637
48881940,6637
48886944,6637
48891944,6638
48896948,6637
48901948,6638
48906948,6638
48911948,6638
48916948,6638
48921948,6638
48926948,6638
48931948,6637
48936948,6638
48941948,6638
48946948,6637
48951948,6638
48956948,6637
48961948,6638
48966948,6638
48971948,6638
48976948,6638
48981948,6637
48986948,6638
48991948,6637
48996948,6638
49001952,6639
49006952,6637
49011952,6637
49016952,6638
49021952,6637
49026956,6637
49031960,6638
49036960,6638
49041960,6638
49046960,6637
49051960,6638
49056960,6637
49061960,6637
49066960,6636
49071964,6638
49076964,6637
49081964,6638
49086964,6637
49091964,6637
49096964,6638
49101964,6637
49106964,6638
49111964,6638
49116964,6638
49121964,6637
49126964,6637
49131964,6637
49136964,6638
49141968,6638
49146968,6638
49151972,6639
49156972,6638
49161972,6637
49166976,6637
49171976,6638
49176976,6638
49181976,6637
49186976,6638
49191980,6638
49196984,6638
49201984,6637
49206984,6637
49211984,6638
49216984,6638
49221984,6638
49226984,6637
49231984,6638
49236988,6638
49241988,6637
49246988,6638
49251988,6638
49256988,6637
49261988,6638
49266988,6637
49271988,6638
49276988,6638
49281992,6638
49286992,6637
49291992,6638
49296996,6638
49301996,6637
49306996,6637
49311996,6639
49317000,6638
49322000,6638
49327000,6637
49332004,6638
49337004,6637
49342008,6637
49347008,6637
49352012,6638
49357016,6638
49362020,6637
49367020,6636
49372024,6637
49377028,6638
49382028,6638
49387028,6637
49392028,6638
49397028,6638
49402032,6638
49407032,6638
49412032,6639
49417036,6638
49422036,6638
49427040,6638
49432040,6638
49437040,6637
49442040,6637
49447040,6637
49452040,6637
49457040,6637
49462040,6637
49467040,6637
49472040,6637
49477040,6637
49482044,6637
49487044,6637
49492044,6637
49497044,6637
49502044,6638
49507044,6637
49512048,6637
49517048,6637
49522048,6638
49527048,6638
49532048,6637
49537048,6637
49542052,6637
49547052,6637
49552056,6638
49557056,6637
49562056,6637
49567060,6637
49572060,6638
49577060,6638
49582060,6637
49587064,6638
49592064,6638
49597064,6638
49602064,6638
49607064,6637
49612064,6637
49617064,6639
49622064,6638
49627064,6638
49632064,6637
49637068,6638
49642068,6637
49647068,6637
49652072,6637
49657072,6637
49662072,6638
49667072,6637
49672072,6638
49677072,6638
49682072,6637
49687076,6637
49692076,6638
49697076,6638
49702076,6637
49707076,6637
49712076,6637
49717076,6638
49722076,6638
49727076,6637
49732076,6638
49737080,6638
49742080,6637
49747080,6637
49752080,6637
49757080,6637
49762080,6638
49767080,6637
49772080,6637
49777080,6639
49782080,6637
49787080,6637
49792080,6637
49797080,6638
49802080,6637
49807080,6638
49812084,6638
49817084,6638
49822084,6637
49827084,6637
49832084,6638
49837084,6637
49842088,6637
49847088,6638
49852092,6637
49857092,6637
49862096,6638
49867096,6638
49872096,6636
49877100,6639
49882100,6636
49887104,6637
49892104,6637
49897104,6638
49902108,6637
49907108,6638
49912108,6637
49917108,6637
49922108,6638
49927112,6637
49932112,6637
49937112,6637
49942116,6637
49947116,6636
49952120,6638
49957120,6637
49962120,6637
49967120,6637
49972120,6637
49977124,6637
49982128,6637
49987132,6637
49992132,6637
49997132,6638
50002132,6637
50007136,6636
50012136,6637
50017140,6638
50022140,6638
50027140,6637
50032140,6638
50037140,6638
50042140,6637
50047140,6638
50052144,6637
50057144,6637
50062144,6637
50067144,6637
50072144,6637
50077144,6638
50082144,6637
50087148,6636
50092152,6637
50097152,6638
50102156,6638
50107156,6636
50112156,6637
50117156,6638
50122156,6637
50127160,6638
50132160,6637
50137160,6637
50142160,6637
50147160,6637
50152160,6638
50157160,6637
50162160,6637
50167160,6636
50172160,6637
50177160,6638
50182164,6637
50187164,6638
50192164,6637
50197168,6638
50202168,6638
50207172,6637
50212172,6638
50217172,6638
50222172,6637
50227172,6636
50232172,6637
50237172,6637
50242172,6637
50247172,6637
50252172,6637
50257172,6637
50262172,6637
50267172,6638
50272172,6637
50277172,6638
50282172,6637
50287172,6637
50292172,6639
50297172,6637
50302172,6637
50307172,6637
50312176,6637
50317176,6637
50322176,6637
50327176,6636
50332176,6638
50337176,6637
50342176,6637
50347176,6636
50352176,6638
50357176,6637
50362176,6637
50367176,6638
50372176,6638
50377176,6637
50382176,6637
50387176,6637
50392176,6638
50397176,6638
50402176,6637
50407176,6637
50412176,6638
50417176,6639
50422176,6637
50427176,6637
50432176,6638
50437176,6638
50442176,6637
50447176,6637
50452176,6637
50457176,6637
50462176,6637
50467176,6637
50472176,6637
50477176,6637
50482176,6637
50487176,6638
50492176,6637
50497176,6637
50502176,6637
50507176,6636
50512176,6637
50517176,6638
50522176,6637
50527176,6637
50532176,6637
50537176,6638
50542176,6636
50547176,6637
50552176,6637
50557176,6638
50562176,6637
50567176,6636
50572176,6638
50577176,6636
50582176,6637
50587176,6637
50592176,6637
50597176,6637
50602180,6637
50607184,6638
50612184,6638
50617184,6638
50622184,6637
50627184,6636
50632184,6637
50637188,6637
50642188,6638
50647188,6637
50652188,6637
50657188,6636
50662188,6637
50667188,6637
50672188,6637
50677188,6638
50682188,6637
50687188,6636
50692188,6637
50697188,6636
50702188,6637
50707192,6637
50712192,6638
50717192,6636
50722192,6638
50727192,6636
50732196,6637
50737196,6638
50742196,6637
50747200,6637
50752204,6637
50757208,6637
50762208,6637
50767208,6638
50772208,6636
50777208,6637
50782212,6636
50787212,6637
50792212,6637
50797212,6637
50802212,6637
50807212,6637
50812212,6637
50817212,6637
50822212,6637
50827212,6637
50832212,6638
50837212,6637
50842212,6637
50847212,6637
50852212,6638
50857212,6637
50862212,6637
50867212,6636
50872212,6637
50877212,6637
50882212,6637
50887212,6637
50892212,6637
50897212,6637
50902212,6637
50907212,6637
50912212,6637
50917212,6637
50922212,6637
50927212,6636
50932212,6637
50937212,6638
50942212,6637
50947212,6637
50952212,6638
50957212,6638
50962216,6637
50967216,6637
50972216,6637
50977216,6637
50982216,6637
50987216,6637
50992216,6637
50997216,6638
51002216,6637
51007216,6637
51012216,6638
51017216,6638
51022216,6637
51027216,6637
51032216,6636
51037216,6637
51042216,6636
51047216,6637
51052216,6638
51057216,6637
51062216,6636
51067216,6637
51072216,6637
51077216,6636
51082216,6637
51087216,6636
51092216,6637
51097216,6638
51102216,6638
51107216,6636
51112216,6637
51117216,6637
51122216,6637
51127216,6636
51132216,6636
51137216,6637
51142216,6636
51147216,6637
51152216,6638
51157216,6636
51162220,6637
51167220,6636
51172220,6638
51177220,6638
51182220,6637
51187220,6637
51192220,6637
51197220,6637
51202220,6637
51207220,6637
51212220,6637
51217220,6637
51222220,6636
51227220,6636
51232224,6637
51237224,6636
51242224,6636
51247224,6636
51252232,6637
51257232,6637
51262232,6636
51267232,6637
51272232,6637
51277232,6638
51282232,6637
51287232,6636
51292232,6638
51297232,6638
51302236,6636
51307236,6637
51312236,6637
51317236,6637
51322236,6637
51327236,6637
51332236,6637
51337236,6638
51342236,6636
51347236,6637
51352236,6637
51357236,6637
51362240,6637
51367240,6636
51372240,6637
51377240,6637
51382240,6637
51387240,6637
51392244,6638
51397244,6637
51402248,6637
51407248,6638
51412248,6637
51417248,6637
51422248,6637
51427248,6636
51432248,6637
51437248,6637
51442248,6637
51447248,6637
51452248,6638
51457248,6638
51462248,6637
51467248,6637
51472248,6637
51477248,6636
51482248,6637
51487248,6637
51492248,6637
51497248,6637
51502248,6636
51507248,6636
51512248,6637
51517248,6638
51522248,6636
51527248,6637
51532248,6637
51537252,6638
51542252,6637
51547256,6637
51552264,6637
51557268,6637
51562268,6637
51567268,6638
51572268,6636
51577268,6637
51582268,6636
51587268,6637
51592268,6636
51597268,6636
51602272,6637
51607272,6636
51612272,6638
51617272,6637
51622272,6636
51627272,6636
51632272,6638
51637272,6637
51642272,6637
51647272,6637
51652272,6637
51657272,6637
51662272,6637
51667272,6636
51672272,6637
51677272,6637
51682272,6637
51687272,6636
51692272,6636
51697272,6637
51702272,6636
51707272,6637
51712272,6637
51717272,6637
51722272,6636
51727272,6637
51732272,6636
51737272,6637
51742272,6637
51747272,6636
51752272,6637
51757272,6636
51762272,6637
51767272,6637
51772272,6637
51777272,6637
51782272,6637
51787272,6636
51792276,6637
51797276,6637
51802276,6637
51807280,6637
51812280,6637
51817280,6636
51822280,6637
51827280,6637
51832280,6636
51837280,6638
51842280,6637
51847280,6636
51852280,6636
51857280,6637
51862284,6636
51867284,6637
51872284,6636
51877284,6636
51882284,6637
51887284,6637
51892284,6637
51897284,6638
51902284,6637
51907284,6636
51912288,6637
51917288,6636
51922292,6635
51927292,6636
51932292,6637
51937292,6637
51942292,6637
51947292,6636
51952292,6637
51957292,6637
51962292,6636
51967292,6636
51972292,6637
51977292,6637
51982292,6637
51987292,6637
51992292,6637
51997292,6637
52002292,6637
52007292,6636
52012296,6637
52017296,6637
52022296,6637
52027296,6636
52032296,6637
52037300,6637
52042300,6636
52047300,6636
52052300,6638
52057300,6637
52062300,6637
52067300,6637
52072300,6637
52077304,6637
52082304,6636
52087304,6636
52092304,6637
52097304,6637
52102304,6637
52107304,6636
52112308,6637
52117308,6637
52122312,6638
52127316,6636
52132316,6637
52137316,6637
52142316,6637
52147316,6636
52152316,6637
52157316,6637
52162316,6636
52167316,6636
52172316,6636
52177316,6637
52182316,6637
52187316,6636
52192316,6637
52197316,6636
52202316,6637
52207316,6637
52212316,6636
52217316,6638
52222316,6636
52227316,6637
52232316,6636
52237320,6637
52242320,6637
52247320,6636
52252320,6637
52257320,6637
52262320,6636
52267320,6637
52272320,6637
52277320,6637
52282320,6637
52287320,6636
52292320,6636
52297320,6637
52302320,6636
52307320,6637
52312320,6637
52317320,6637
52322320,6636
52327324,6636
52332324,6637
52337324,6638
52342328,6637
52347328,6636
52352328,6637
52357328,6637
52362328,6636
52367328,6636
52372328,6637
52377328,6636
52382328,6636
52387328,6636
52392328,6637
52397328,6636
52402328,6637
52407328,6637
52412328,6638
52417328,6636
52422328,6636
52427328,6637
52432328,6637
52437328,6637
52442328,6637
52447328,6636
52452328,6637
52457332,6637
52462336,6636
52467336,6637
52472340,6636
52477344,6636
52482344,6637
52487344,6636
52492348,6636
52497348,6637
52502348,6637
52507348,6637
52512348,6636
52517348,6637
52522348,6635
52527348,6636
52532348,6636
52537348,6637
52542348,6637
52547348,6636
52552348,6637
52557352,6637
52562352,6636
52567352,6636
52572352,6638
52577356,6637
52582356,6636
52587356,6635
52592356,6637
52597356,6636
52602356,6637
52607356,6636
52612356,6636
52617356,6637
52622356,6636
52627356,6638
52632356,6637
52637360,6636
52642360,6636
52647360,6636
52652364,6636
52657368,6637
52662368,6637
52667368,6636
52672368,6636
52677368,6636
52682368,6637
52687368,6637
52692368,6637
52697368,6637
52702372,6637
52707372,6636
52712372,6637
52717372,6636
52722372,6636
52727372,6637
52732372,6636
52737372,6636
52742372,6636
52747372,6636
52752372,6636
52757372,6637
52762372,6637
52767376,6636
52772380,6638
52777380,6637
52782380,6636
52787380,6637
52792384,6636
52797384,6637
52802384,6637
52807384,6636
52812384,6637
52817384,6635
52822384,6636
52827384,6637
52832384,6636
52837384,6636
52842384,6637
52847384,6637
52852384,6636
52857384,6637
52862384,6636
52867384,6636
52872384,6637
52877388,6637
52882388,6637
52887388,6637
52892388,6637
52897388,6637
52902388,6636
52907388,6636
52912388,6637
52917388,6636
52922388,6637
52927388,6636
52932388,6637
52937392,6636
52942396,6636
52947400,6635
52952400,6637
52957400,6637
52962400,6636
52967400,6636
52972400,6636
52977400,6637
52982400,6636
52987404,6636
52992404,6636
52997404,6637
53002404,6636
53007408,6636
53012408,6636
53017408,6637
53022408,6636
53027408,6637
53032408,6636
53037408,6637
53042408,6637
53047408,6636
53052408,6637
53057408,6636
53062408,6636
53067408,6636
53072408,6637
53077408,6636
53082408,6637
53087408,6637
53092408,6636
53097408,6636
53102408,6636
53107408,6636
53112408,6637
53117408,6636
53122408,6636
53127412,6636
53132412,6637
53137416,6636
53142420,6636
53147420,6636
53152420,6637
53157420,6636
53162420,6637
53167420,6636
53172420,6637
53177420,6637
53182420,6636
53187420,6637
53192420,6636
53197420,6636
53202420,6637
53207420,6636
53212420,6637
53217420,6637
53222420,6636
53227420,6638
53232420,6637
53237420,6636
53242420,6637
53247420,6635
53252420,6637
53257420,6636
53262420,6636
53267420,6637
53272420,6636
53277420,6636
53282420,6636
53287420,6636
53292420,6637
53297420,6637
53302420,6637
53307420,6636
53312420,6637
53317420,6636
53322420,6636
53327420,6637
53332420,6636
53337420,6637
53342420,6636
53347420,6636
53352420,6636
53357420,6636
53362420,6637
53367420,6637
53372420,6637
53377424,6637
53382424,6637
53387428,6636
53392428,6637
53397428,6636
53402428,6636
53407428,6637
53412428,6637
53417428,6637
53422428,6637
53427428,6637
53432428,6638
53437428,6636
53442428,6635
53447428,6636
53452428,6635
53457428,6636
53462432,6636
53467432,6636
53472432,6636
53477432,6636
53482436,6635
53487436,6637
53492440,6636
53497444,6636
53502444,6637
53507444,6637
53512444,6637
53517444,6638
53522444,6636
53527444,6637
53532448,6637
53537448,6636
53542448,6636
53547448,6636
53552448,6636
53557448,6636
53562448,6636
53567448,6636
53572448,6636
53577448,6635
53582448,6636
53587448,6635
53592448,6636
53597452,6637
53602452,6636
53607452,6636
53612456,6637
53617456,6636
53622460,6636
53627460,6636
53632460,6636
53637464,6637
53642464,6635
53647464,6636
53652464,6636
53657468,6636
53662472,6635
53667472,6637
53672472,6636
53677472,6637
53682472,6636
53687472,6637
53692472,6636
53697472,6636
53702472,6636
53707472,6636
53712472,6637
53717472,6636
53722472,6636
53727472,6637
53732472,6637
53737472,6636
53742476,6636
53747480,6636
53752480,6637
53757480,6637
53762480,6636
53767480,6636
53772480,6636
53777480,6636
53782480,6636
53787480,6637
53792480,6637
53797480,6637
53802480,6636
53807480,6636
53812480,6637
53817480,6636
53822484,6636
53827484,6636
53832484,6636
53837484,6636
53842484,6636
53847484,6636
53852484,6636
53857484,6636
53862484,6636
53867484,6636
53872484,6636
53877484,6636
53882484,6636
53887484,6637
53892484,6637
53897484,6636
53902484,6636
53907484,6636
53912488,6637
53917488,6637
53922488,6636
53927488,6636
53932492,6636
53937492,6636
53942492,6636
53947492,6636
53952492,6638
53957492,6637
53962492,6636
53967492,6636
53972492,6637
53977492,6635
53982492,6636
53987496,6637
53992496,6637
53997496,6636
54002496,6637
54007496,6636
54012500,6636
54017500,6637
54022504,6636
54027504,6636
54032504,6636
54037512,6636
54042512,6635
54047512,6636
54052512,6637
54057512,6637
54062512,6637
54067516,6636
54072516,6637
54077516,6637
54082516,6636
54087516,6637
54092516,6636
54097516,6636
54102516,6636
54107516,6636
54112516,6637
54117516,6637
54122516,6636
54127516,6636
54132516,6637
54137516,6637
54142520,6636
54147520,6637
54152524,6637
54157528,6636
54162528,6637
54167528,6636
54172528,6636
54177528,6636
54182528,6635
54187528,6637
54192532,6636
54197532,6636
54202532,6636
54207532,6637
54212532,6637
54217532,6636
54222532,6636
54227532,6636
54232532,6636
54237532,6636
54242532,6636
54247532,6636
54252532,6636
54257532,6637
54262532,6636
54267532,6637
54272536,6637
54277536,6637
54282536,6635
54287536,6636
54292536,6636
54297536,6635
54302536,6636
54307536,6636
54312536,6636
54317536,6636
54322536,6636
54327536,6636
54332536,6636
54337536,6637
54342536,6636
54347536,6636
54352536,6636
54357536,6636
54362540,6636
54367540,6636
54372540,6636
54377540,6637
54382540,6636
54387540,6636
54392540,6636
54397540,6636
54402540,6636
54407540,6636
54412544,6636
54417544,6637
54422548,6637
54427548,6635
54432548,6636
54437548,6637
54442548,6636
54447548,6636
54452548,6636
54457548,6635
54462548,6636
54467548,6637
54472552,6636
54477552,6637
54482552,6637
54487552,6636
54492552,6636
54497556,6636
54502556,6636
54507556,6636
54512556,6637
54517556,6636
54522556,6636
54527556,6636
54532556,6636
54537556,6636
54542556,6635
54547556,6636
54552556,6637
54557556,6637
54562556,6636
54567556,6636
54572556,6636
54577560,6636
54582560,6636
54587560,6636
54592560,6636
54597560,6636
54602560,6636
54607560,6635
54612564,6637
54617568,6637
54622568,6636
54627568,6635
54632568,6636
54637576,6636
54642576,6635
54647576,6636
54652576,6637
54657576,6636
54662576,6635
54667576,6636
54672576,6636
54677576,6637
54682576,6636
54687576,6636
54692576,6636
54697576,6636
54702576,6636
54707576,6636
54712576,6637
54717576,6637
54722576,6636
54727576,6636
54732576,6637
54737576,6636
54742576,6635
54747576,6636
54752576,6637
54757576,6636
54762576,6635
54767576,6636
54772576,6637
54777576,6636
54782576,6635
54787576,6636
54792576,6636
54797576,6636
54802580,6637
54807580,6637
54812580,6636
54817580,6636
54822584,6636
54827588,6636
54832588,6637
54837588,6637
54842588,6636
54847588,6636
54852588,6637
54857588,6636
54862588,6635
54867588,6635
54872588,6636
54877588,6636
54882588,6636
54887588,6636
54892588,6637
54897588,6636
54902592,6636
54907592,6636
54912592,6636
54917592,6636
54922592,6635
54927596,6636
54932600,6636
54937608,6636
54942608,6636
54947608,6637
54952612,6637
54957612,6636
54962612,6636
54967616,6636
54972616,6636
54977616,6637
54982616,6636
54987616,6636
54992616,6635
54997616,6637
55002616,6636
55007616,6636
55012620,6637
55017620,6637
55022620,6635
55027620,6637
55032620,6636
55037620,6636
55042620,6636
55047620,6636
55052620,6637
55057620,6636
55062620,6636
55067620,6637
55072620,6636
55077620,6636
55082620,6636
55087624,6636
55092624,6636
55097624,6636
55102628,6636
55107628,6636
55112628,6636
55117628,6636
55122628,6636
55127628,6636
55132628,6636
55137628,6636
55142628,6635
55147628,6636
55152628,6636
55157628,6637
55162628,6636
55167628,6636
55172628,6635
55177628,6636
55182628,6636
55187628,6636
55192628,6636
55197628,6635
55202628,6636
55207632,6636
55212632,6636
55217632,6636
55222632,6635
55227632,6636
55232632,6636
55237640,6636
55242640,6636
55247640,6636
55252640,6636
55257640,6636
55262640,6636
55267644,6636
55272648,6636
55277648,6635
55282648,6636
55287648,6636
55292648,6636
55297648,6636
55302648,6635
55307648,6636
55312648,6636
55317648,6636
55322648,6636
55327652,6635
55332652,6637
55337652,6635
55342652,6637
55347652,6636
55352652,6636
55357652,6636
55362652,6635
55367652,6636
55372652,6636
55377656,6636
55382656,6637
55387656,6636
55392656,6635
55397656,6636
55402656,6635
55407660,6636
55412664,6636
55417664,6636
55422664,6635
55427664,6635
55432664,6636
55437664,6635
55442664,6636
55447664,6636
55452664,6636
55457664,6637
55462664,6636
55467664,6636
55472664,6635
55477664,6636
55482664,6635
55487664,6636
55492664,6636
55497664,6635
55502664,6636
55507664,6636
55512664,6636
55517664,6635
55522664,6636
55527664,6636
55532664,6636
55537672,6636
55542672,6635
55547672,6636
55552676,6635
55557676,6636
55562676,6636
55567676,6636
55572676,6636
55577676,6636
55582676,6636
55587676,6635
55592676,6637
55597680,6636
55602680,6635
55607684,6636
55612688,6636
55617688,6636
55622688,6636
55627688,6636
55632688,6636
55637688,6636
55642688,6636
55647688,6636
55652688,6636
55657688,6636
55662688,6636
55667688,6636
55672688,6636
55677688,6636
55682688,6636
55687688,6636
55692688,6636
55697688,6636
55702688,6636
55707688,6636
55712688,6636
55717688,6636
55722688,6636
55727688,6636
55732688,6636
55737688,6635
55742688,6635
55747688,6635
55752688,6636
55757688,6636
55762688,6636
55767688,6636
55772692,6637
55777692,6636
55782692,6635
55787692,6636
55792692,6636
55797692,6637
55802692,6636
55807692,6636
55812692,6636
55817692,6635
55822696,6635
55827696,6635
55832696,6636
55837704,6636
55842708,6635
55847708,6636
55852712,6636
55857712,6636
55862716,6635
55867716,6636
55872716,6637
55877716,6636
55882716,6636
55887716,6635
55892716,6635
55897716,6636
55902716,6636
55907716,6636
55912716,6636
55917716,6636
55922716,6635
55927716,6636
55932716,6636
55937716,6636
55942716,6635
55947716,6636
55952720,6636
55957720,6635
55962720,6634
55967720,6635
55972720,6636
55977720,6636
55982720,6636
55987724,6636
55992724,6635
55997724,6636
56002724,6635
56007724,6635
56012724,6636
56017724,6636
56022728,6636
56027728,6636
56032728,6635
56037728,6636
56042732,6636
56047732,6635
56052732,6636
56057732,6635
56062736,6635
56067736,6636
56072736,6636
56077736,6636
56082736,6636
56087736,6636
56092736,6636
56097736,6636
56102736,6635
56107736,6636
56112736,6636
56117740,6636
56122740,6636
56127744,6636
56132744,6636
56137744,6636
56142744,6635
56147748,6635
56152748,6636
56157748,6636
56162752,6635
56167752,6636
56172756,6636
56177756,6636
56182756,6635
56187760,6636
56192760,6636
56197760,6635
56202760,6635
56207760,6635
56212764,6636
56217764,6636
56222764,6635
56227764,6634
56232764,6636
56237764,6635
56242768,6635
56247772,6636
56252772,6636
56257772,6636
56262772,6635
56267772,6635
56272776,6636
56277776,6635
56282776,6635
56287776,6635
56292776,6636
56297776,6636
56302776,6636
56307776,6635
56312776,6636
56317776,6636
56322776,6635
56327776,6636
56332776,6636
56337780,6635
56342780,6636
56347784,6635
56352784,6636
56357784,6635
56362784,6636
56367784,6636
56372788,6636
56377788,6635
56382788,6635
56387788,6635
56392792,6635
56397792,6635
56402792,6635
56407792,6636
56412792,6636
56417792,6636
56422792,6636
56427792,6636
56432792,6635
56437792,6636
56442792,6635
56447792,6636
56452792,6636
56457792,6636
56462796,6636
56467796,6635
56472796,6636
56477796,6636
56482796,6636
56487796,6636
56492796,6636
56497796,6636
56502796,6636
56507796,6636
56512796,6635
56517796,6636
56522800,6634
56527800,6636
56532804,6636
56537804,6635
56542804,6634
56547804,6636
56552804,6636
56557804,6635
56562808,6635
56567816,6636
56572816,6636
56577816,6636
56582816,6635
56587816,6636
56592816,6637
56597816,6636
56602816,6636
56607816,6636
56612816,6636
56617816,6636
56622816,6636
56627816,6635
56632816,6636
56637816,6635
56642816,6635
56647816,6635
56652816,6636
56657816,6636
56662816,6636
56667816,6636
56672816,6636
56677816,6635
56682816,6635
56687816,6636
56692816,6636
56697816,6636
56702816,6635
56707816,6636
56712816,6635
56717816,6634
56722820,6635
56727820,6636
56732820,6636
56737820,6635
56742820,6636
56747820,6636
56752820,6637
56757824,6636
56762824,6635
56767824,6637
56772824,6635
56777824,6636
56782824,6636
56787824,6635
56792824,6636
56797824,6636
56802824,6636
56807828,6636
56812828,6636
56817828,6635
56822832,6635
56827832,6635
56832832,6637
56837832,6635
56842832,6636
56847832,6635
56852832,6636
56857832,6635
56862832,6636
56867832,6636
56872832,6636
56877832,6636
56882836,6634
56887836,6635
56892836,6635
56897836,6635
56902836,6636
56907836,6636
56912836,6636
56917840,6636
56922840,6635
56927844,6635
56932844,6636
56937844,6635
56942844,6635
56947848,6635
56952848,6635
56957848,6635
56962848,6635
56967852,6636
56972856,6635
56977860,6636
56982860,6635
56987860,6636
56992860,6636
56997860,6636
57002864,6635
57007864,6636
57012864,6636
57017864,6634
57022864,6636
57027868,6635
57032868,6636
57037868,6635
57042872,6636
57047872,6636
57052876,6635
57057876,6635
57062876,6635
57067876,6636
57072876,6636
57077876,6635
57082876,6635
57087876,6635
57092876,6636
57097876,6635
57102876,6635
57107876,6636
57112880,6635
57117880,6635
57122884,6636
57127884,6635
57132884,6636
57137884,6635
57142884,6635
57147884,6635
57152884,6635
57157888,6635
57162888,6635
57167892,6635
57172896,6635
57177896,6635
57182896,6634
57187896,6635
57192896,6634
57197896,6635
57202896,6634
57207896,6636
57212896,6636
57217896,6636
57222896,6634
57227896,6636
57232896,6637
57237896,6635
57242896,6636
57247900,6635
57252900,6636
57257900,6635
57262900,6635
57267900,6635
57272900,6636
57277900,6635
57282900,6635
57287904,6635
57292904,6635
57297904,6636
57302904,6636
57307904,6636
57312904,6636
57317904,6635
57322904,6635
57327904,6635
57332904,6636
57337904,6635
57342904,6635
57347904,6636
57352904,6637
57357904,6635
57362904,6635
57367904,6636
57372904,6635
57377904,6636
57382904,6635
57387904,6635
57392904,6636
57397904,6636
57402904,6635
57407904,6635
57412904,6636
57417904,6634
57422904,6636
57427908,6635
57432912,6636
57437912,6635
57442912,6635
57447912,6636
57452916,6636
57457920,6635
57462920,6635
57467920,6636
57472920,6635
57477920,6635
57482920,6635
57487924,6636
57492924,6637
57497924,6634
57502928,6636
57507928,6636
57512928,6636
57517932,6635
57522932,6635
57527932,6635
57532932,6637
57537932,6635
57542932,6636
57547932,6635
57552932,6636
57557932,6635
57562932,6635
57567932,6637
57572932,6635
57577932,6636
57582932,6636
57587932,6636
57592932,6634
57597932,6635
57602932,6636
57607932,6635
57612932,6635
57617932,6635
57622932,6635
57627932,6635
57632936,6636
57637936,6636
57642936,6635
57647936,6635
57652936,6635
57657936,6635
57662936,6635
57667936,6636
57672936,6636
57677936,6635
57682940,6636
57687940,6636
57692940,6634
57697940,6635
57702940,6635
57707940,6635
57712940,6635
57717940,6636
57722940,6635
57727940,6635
57732940,6634
57737940,6635
57742940,6635
57747940,6636
57752940,6636
57757940,6635
57762940,6634
57767944,6635
57772944,6636
57777944,6634
57782944,6635
57787944,6636
57792944,6636
57797944,6635
57802944,6635
57807944,6635
57812944,6635
57817944,6636
57822944,6635
57827944,6635
57832944,6635
57837944,6635
57842944,6635
57847944,6636
57852944,6635
57857944,6636
57862944,6635
57867944,6635
57872948,6636
57877948,6635
57882948,6635
57887948,6636
57892948,6636
57897948,6635
57902948,6636
57907948,6636
57912948,6635
57917948,6636
57922948,6635
57927948,6636
57932952,6635
57937956,6636
57942956,6636
57947956,6636
57952956,6636
57957956,6635
57962956,6635
57967956,6635
57972956,6636
57977956,6635
57982956,6635
57987956,6636
57992956,6635
57997956,6635
58002956,6635
58007956,6636
58012956,6635
58017960,6635
58022960,6635
58027960,6635
58032960,6635
58037960,6634
58042960,6636
58047960,6636
58052960,6636
58057960,6635
58062960,6635
58067960,6635
58072960,6635
58077960,6634
58082964,6635
58087964,6636
58092964,6635
58097964,6635
58102964,6635
58107964,6636
58112964,6635
58117964,6636
58122968,6635
58127972,6636
58132972,6636
58137972,6635
58142976,6635
58147976,6636
58152980,6636
58157980,6635
58162980,6635
58167980,6635
58172980,6636
58177984,6635
58182988,6636
58187988,6635
58192988,6635
58197988,6634
58202988,6636
58207988,6635
58212992,6635
58217992,6634
58222992,6635
58227992,6634
58232992,6636
58237992,6635
58242992,6635
58247992,6635
58252992,6635
58257992,6635
58262992,6635
58267992,6636
58272992,6635
58277992,6637
58282992,6635
58287992,6635
58292992,6635
58297992,6634
58302992,6634
58307992,6636
58312992,6636
58317992,6635
58322992,6635
58327992,6636
58332992,6635
58337996,6635
58342996,6635
58348000,6637
58353004,6635
58358004,6635
58363004,6636
58368008,6636
58373008,6635
58378008,6636
58383008,6636
58388008,6636
58393008,6636
58398012,6634
58403012,6635
58408012,6635
58413016,6635
58418016,6635
58423020,6635
58428020,6635
58433020,6635
58438020,6635
58443020,6636
58448020,6636
58453020,6636
58458020,6635
58463024,6635
58468024,6635
58473028,6634
58478028,6634
58483028,6635
58488028,6635
58493028,6636
58498028,6635
58503028,6636
58508028,6636
58513028,6636
58518028,6636
58523028,6636
58528028,6636
58533028,6636
58538028,6635
58543028,6636
58548028,6635
58553032,6636
58558032,6634
58563032,6635
58568032,6635
58573036,6636
58578036,6635
58583036,6635
58588036,6634
58593036,6635
58598036,6635
58603036,6636
58608036,6636
58613036,6636
58618036,6636
58623036,6635
58628036,6635
58633040,6635
58638040,6634
58643044,6635
58648044,6636
58653044,6635
58658048,6635
58663048,6636
58668048,6636
58673048,6636
58678048,6635
58683052,6635
58688052,6635
58693052,6635
58698052,6634
58703052,6635
58708052,6635
58713052,6635
58718052,6635
58723052,6635
58728052,6634
58733052,6636
58738052,6635
58743056,6635
58748056,6635
58753056,6635
58758056,6636
58763056,6635
58768056,6635
58773056,6635
58778056,6635
58783056,6635
58788056,6636
58793056,6636
58798056,6635
58803056,6634
58808056,6635
58813056,6636
58818056,6635
58823060,6634
58828060,6635
58833060,6635
58838064,6636
58843064,6635
58848064,6635
58853064,6635
58858064,6636
58863064,6634
58868064,6635
58873064,6635
58878064,6635
58883068,6635
58888068,6635
58893068,6636
58898068,6635
58903068,6635
58908068,6636
58913068,6635
58918068,6634
58923068,6635
58928068,6636
58933072,6635
58938072,6635
58943072,6636
58948076,6636
58953076,6635
58958076,6636
58963080,6636
58968084,6635
58973084,6634
58978084,6635
58983084,6635
58988084,6635
58993084,6635
58998084,6635
59003084,6635
59008084,6636
59013084,6636
59018084,6634
59023084,6635
59028084,6636
59033084,6634
59038084,6634
59043084,6635
59048084,6634
59053084,6635
59058084,6635
59063088,6635
59068088,6636
59073088,6635
59078088,6635
59083088,6636
59088088,6636
59093088,6634
59098088,6634
59103088,6635
59108088,6635
59113088,6635
59118088,6635
59123088,6636
59128092,6635
59133096,6635
59138096,6635
59143096,6635
59148096,6636
59153096,6635
59158100,6634
59163100,6635
59168100,6635
59173104,6636
59178104,6635
59183104,6634
59188104,6635
59193104,6636
59198104,6634
59203104,6635
59208108,6635
59213108,6636
59218108,6636
59223112,6634
59228116,6636
59233120,6635
59238120,6635
59243120,6635
59248120,6635
59253120,6636
59258120,6635
59263120,6635
59268124,6636
59273124,6635
59278128,6635
59283128,6636
59288128,6635
59293128,6635
59298128,6635
59303128,6635
59308128,6635
59313128,6635
59318128,6636
59323128,6635
59328128,6635
59333128,6634
59338128,6635
59343128,6634
59348132,6635
59353132,6635
59358132,6635
59363132,6635
59368132,6636
59373136,6636
59378140,6636
59383140,6635
59388140,6635
59393140,6635
59398140,6636
59403140,6635
59408144,6634
59413148,6635
59418152,6634
59423152,6634
59428152,6635
59433152,6636
59438152,6635
59443152,6635
59448152,6636
59453152,6635
59458152,6635
59463152,6635
59468152,6635
59473152,6635
59478152,6635
59483156,6634
59488156,6635
59493156,6635
59498156,6635
59503156,6635
59508156,6635
59513156,6636
59518156,6634
59523156,6635
59528156,6636
59533160,6635
59538160,6636
59543160,6635
59548160,6634
59553160,6635
59558160,6635
59563164,6635
59568164,6636
59573164,6635
59578164,6634
59583164,6635
59588164,6635
59593164,6635
59598164,6634
59603168,6635
59608168,6635
59613168,6635
59618168,6634
59623168,6635
59628168,6635
59633168,6636
59638168,6635
59643168,6634
59648168,6635
59653168,6636
59658168,6636
59663168,6635
59668168,6635
59673172,6635
59678172,6635
59683172,6635
59688172,6635
59693172,6635
59698172,6635
59703172,6635
59708172,6635
59713172,6635
59718172,6635
59723172,6635
59728172,6635
59733172,6635
59738176,6634
59743176,6635
59748176,6635
59753176,6635
59758176,6634
59763176,6635
59768176,6635
59773176,6635
59778176,6635
59783180,6635
59788180,6635
59793180,6636
59798180,6635
59803180,6635
59808180,6635
59813180,6635
59818180,6634
59823180,6634
59828180,6636
59833180,6635
59838180,6635
59843180,6636
59848180,6635
59853180,6635
59858180,6634
59863180,6634
59868180,6635
59873180,6635
59878180,6634
59883180,6634
59888180,6635
59893180,6635
59898180,6634
59903184,6635
59908184,6634
59913184,6635
59918188,6636
59923192,6634
59928192,6636
59933192,6635
59938192,6634
59943196,6634
59948200,6636
59953204,6636
59958204,6634
59963204,6635
59968204,6635
59973204,6635
59978204,6634
