t_us,raw
11556,6641
16556,6641
21556,6641
26556,6641
31560,6640
36564,6641
41568,6642
46568,6640
51568,6641
56572,6641
61572,6641
66572,6642
71572,6641
76572,6641
81572,6642
86572,6641
91572,6641
96572,6642
101572,6642
106572,6642
111572,6641
116572,6642
121572,6641
126572,6642
131572,6641
136572,6642
141572,6641
146572,6642
151572,6641
156572,6641
161572,6641
166572,6640
171572,6641
176572,6641
181572,6641
186572,6642
191572,6641
196576,6641
201580,6642
206580,6641
211584,6642
216584,6642
221588,6642
226588,6642
231588,6641
236588,6641
241588,6642
246588,6641
251588,6642
256588,6641
261588,6641
266588,6642
271588,6641
276588,6641
281588,6641
286588,6642
291588,6641
296588,6641
301592,6641
306592,6642
311592,6641
316592,6641
321592,6642
326592,6641
331592,6641
336592,6643
341596,6642
346596,6641
351596,6641
356596,6641
361596,6641
366600,6642
371600,6641
376600,6642
381600,6642
386600,6642
391600,6640
396600,6642
401600,6642
406604,6641
411604,6641
416604,6642
421604,6641
426604,6641
431604,6641
436604,6641
441604,6641
446604,6641
451604,6641
456604,6640
461604,6642
466604,6641
471604,6641
476604,6641
481604,6642
486604,6642
491604,6642
496604,6641
501604,6642
506604,6641
511604,6641
516608,6641
521608,6641
526608,6642
531608,6640
536608,6642
541608,6642
546608,6642
551608,6641
556612,6641
561612,6642
566612,6642
571616,6641
576616,6642
581616,6641
586616,6642
591616,6640
596616,6642
601616,6642
606616,6642
611616,6642
616616,6641
621616,6641
626616,6641
631616,6641
636616,6642
641620,6642
646620,6641
651620,6641
656624,6640
661624,6642
666628,6641
671628,6641
676628,6641
681628,6642
686628,6641
691628,6642
696628,6642
701628,6641
706632,6641
711632,6641
716632,6641
721636,6641
726636,6641
731636,6641
736636,6641
741636,6641
746636,6641
751636,6642
756636,6641
761636,6641
766636,6642
771636,6641
776636,6641
781636,6641
786636,6640
791636,6641
796636,6641
801640,6641
806640,6641
811640,6641
816640,6641
821640,6641
826640,6641
831640,6640
836640,6641
841640,6640
846640,6641
851640,6641
856640,6640
861640,6642
866640,6641
871640,6641
876640,6641
881640,6641
886644,6641
891644,6641
896648,6641
901648,6641
906648,6641
911648,6640
916648,6641
921648,6641
926648,6640
931648,6641
936652,6641
941652,6641
946656,6641
951656,6642
956656,6641
961656,6641
966664,6640
971664,6641
976664,6641
981664,6641
986664,6640
991664,6641
996668,6640
1001668,6641
1006668,6642
1011668,6641
1016672,6642
1021672,6642
1026672,6641
1031672,6642
1036672,6641
1041672,6641
1046672,6641
1051672,6641
1056672,6641
1061672,6641
1066672,6640
1071672,6641
1076676,6641
1081676,6641
1086676,6640
1091676,6641
1096676,6641
1101676,6641
1106676,6641
1111676,6641
1116676,6641
1121676,6642
1126676,6641
1131680,6641
1136680,6640
1141680,6642
1146680,6641
1151680,6641
1156680,6641
1161680,6641
1166680,6641
1171680,6641
1176680,6641
1181680,6641
1186680,6641
1191680,6640
1196680,6640
1201680,6641
1206680,6641
1211680,6641
1216680,6640
1221680,6642
1226680,6641
1231680,6640
1236680,6641
1241680,6641
1246680,6641
1251680,6640
1256680,6641
1261680,6641
1266680,6641
1271680,6639
1276680,6641
1281680,6640
1286680,6642
1291680,6641
1296680,6640
1301680,6641
1306680,6642
1311684,6640
1316684,6640
1321684,6640
1326684,6641
1331684,6639
1336684,6641
1341684,6640
1346684,6641
1351688,6640
1356688,6641
1361692,6641
1366696,6641
1371696,6640
1376696,6641
1381700,6641
1386700,6640
1391700,6639
1396704,6641
1401704,6640
1406704,6640
1411704,6640
1416704,6640
1421708,6641
1426708,6640
1431708,6641
1436708,6641
1441708,6641
1446708,6640
1451708,6641
1456708,6641
1461708,6642
1466708,6641
1471708,6640
1476708,6641
1481708,6640
1486708,6641
1491708,6640
1496708,6641
1501708,6640
1506708,6641
1511708,6640
1516708,6641
1521712,6640
1526712,6640
1531712,6641
1536712,6640
1541712,6640
1546712,6640
1551712,6640
1556712,6642
1561712,6641
1566712,6640
1571712,6641
1576712,6640
1581712,6641
1586712,6641
1591712,6641
1596712,6641
1601716,6641
1606716,6640
1611716,6641
1616716,6640
1621720,6641
1626724,6641
1631724,6640
1636724,6642
1641724,6641
1646724,6640
1651724,6640
1656728,6641
1661732,6642
1666732,6640
1671732,6639
1676732,6642
1681732,6640
1686732,6641
1691732,6640
1696732,6641
1701736,6642
1706736,6640
1711740,6640
1716740,6640
1721740,6641
1726744,6640
1731744,6640
1736744,6642
1741744,6641
1746744,6641
1751744,6641
1756744,6640
1761744,6641
1766744,6640
1771748,6641
1776748,6641
1781748,6641
1786752,6640
1791756,6641
1796756,6641
1801756,6641
1806756,6640
1811756,6640
1816756,6640
1821756,6642
1826756,6641
1831756,6640
1836760,6641
1841760,6641
1846760,6641
1851760,6640
1856760,6640
1861760,6641
1866760,6640
1871760,6641
1876760,6640
1881760,6641
1886760,6641
1891760,6641
1896764,6641
1901764,6642
1906764,6641
1911764,6640
1916764,6641
1921764,6641
1926764,6640
1931764,6640
1936764,6641
1941764,6641
1946764,6641
1951764,6640
1956764,6641
1961768,6641
1966768,6642
1971768,6640
1976772,6641
1981772,6641
1986772,6641
1991772,6640
1996772,6641
2001772,6640
2006772,6641
2011776,6640
2016780,6640
2021780,6642
2026780,6641
2031780,6640
2036784,6641
2041784,6641
2046784,6642
2051784,6641
2056784,6641
2061784,6641
2066784,6640
2071784,6641
2076784,6640
2081784,6642
2086788,6641
2091792,6641
2096796,6640
2101796,6641
2106800,6641
2111800,6640
2116800,6640
2121804,6641
2126804,6641
2131804,6640
2136804,6641
2141804,6640
2146804,6641
2151804,6640
2156804,6641
2161804,6641
2166804,6640
2171804,6640
2176804,6639
2181804,6641
2186804,6641
2191808,6640
2196808,6640
2201808,6641
2206812,6641
2211812,6640
2216812,6640
2221812,6641
2226812,6640
2231812,6640
2236812,6640
2241812,6641
2246812,6640
2251812,6640
2256812,6641
2261812,6640
2266812,6641
2271812,6641
2276812,6642
2281812,6641
2286812,6641
2291812,6640
2296812,6640
2301812,6641
2306812,6641
2311812,6641
2316812,6641
2321816,6640
2326816,6640
2331816,6641
2336816,6641
2341816,6642
2346816,6641
2351816,6640
2356816,6641
2361816,6641
2366816,6641
2371816,6641
2376816,6642
2381816,6641
2386816,6641
2391816,6641
2396816,6640
2401816,6640
2406816,6641
2411816,6640
2416816,6641
2421816,6641
2426820,6642
2431820,6640
2436820,6640
2441820,6642
2446820,6641
2451820,6640
2456820,6641
2461820,6641
2466824,6641
2471824,6640
2476824,6641
2481828,6641
2486828,6641
2491828,6641
2496828,6640
2501828,6642
2506828,6641
2511828,6640
2516828,6641
2521828,6641
2526828,6641
2531828,6641
2536828,6641
2541832,6641
2546832,6641
2551832,6640
2556832,6640
2561832,6642
2566832,6640
2571832,6640
2576832,6640
2581832,6640
2586832,6640
2591832,6640
2596832,6640
2601832,6641
2606832,6641
2611832,6641
2616832,6640
2621836,6641
2626836,6641
2631836,6641
2636840,6641
2641840,6641
2646840,6641
2651840,6640
2656840,6641
2661840,6641
2666840,6641
2671840,6641
2676840,6641
2681840,6641
2686840,6641
2691840,6641
2696844,6641
2701844,6642
2706848,6640
2711848,6640
2716848,6641
2721852,6640
2726852,6640
2731852,6640
2736856,6641
2741856,6641
2746856,6641
2751856,6641
2756856,6641
2761856,6640
2766856,6641
2771856,6640
2776856,6641
2781856,6641
2786856,6640
2791856,6639
2796856,6641
2801856,6641
2806856,6641
2811856,6641
2816856,6641
2821856,6642
2826856,6640
2831856,6640
2836856,6640
2841856,6640
2846856,6640
2851860,6641
2856860,6641
2861860,6641
2866860,6642
2871860,6640
2876860,6641
2881860,6641
2886864,6640
2891864,6642
2896868,6641
2901868,6640
2906868,6640
2911868,6641
2916868,6642
2921868,6641
2926868,6641
2931868,6640
2936872,6641
2941876,6640
2946876,6640
2951880,6641
2956880,6640
2961880,6641
2966884,6640
2971884,6639
2976888,6641
2981892,6641
2986892,6640
2991892,6641
2996892,6641
3001892,6641
3006892,6641
3011892,6641
3016892,6642
3021892,6641
3026892,6640
3031892,6641
3036892,6641
3041892,6641
3046892,6640
3051892,6641
3056892,6641
3061892,6640
3066892,6641
3071892,6640
3076892,6641
3081892,6640
3086892,6640
3091892,6640
3096892,6640
3101892,6641
3106892,6641
3111892,6641
3116892,6640
3121892,6641
3126892,6640
3131892,6641
3136896,6640
3141896,6641
3146896,6641
3151896,6641
3156896,6641
3161896,6641
3166896,6641
3171896,6641
3176896,6642
3181896,6641
3186896,6640
3191900,6640
3196900,6640
3201900,6641
3206900,6640
3211900,6641
3216900,6641
3221900,6640
3226900,6640
3231904,6640
3236904,6641
3241904,6640
3246904,6641
3251904,6640
3256904,6642
3261904,6640
3266904,6640
3271904,6640
3276904,6640
3281904,6640
3286904,6640
3291904,6640
3296904,6641
3301904,6640
3306904,6641
3311904,6640
3316904,6640
3321904,6641
3326904,6640
3331904,6639
3336904,6641
3341904,6641
3346908,6640
3351908,6640
3356908,6640
3361908,6641
3366908,6640
3371908,6641
3376908,6640
3381908,6641
3386908,6640
3391908,6640
3396908,6641
3401908,6639
3406908,6640
3411908,6640
3416912,6642
3421912,6641
3426916,6640
3431916,6640
3436916,6640
3441916,6640
3446920,6640
3451924,6639
3456924,6641
3461924,6641
3466924,6641
3471928,6640
3476928,6641
3481928,6640
3486928,6640
3491932,6641
3496932,6640
3501932,6641
3506932,6639
3511932,6640
3516936,6641
3521936,6641
3526940,6641
3531944,6640
3536944,6640
3541944,6640
3546944,6640
3551944,6640
3556944,6641
3561944,6640
3566944,6640
3571944,6640
3576944,6641
3581944,6642
3586944,6640
3591948,6640
3596948,6640
3601952,6640
3606952,6641
3611952,6640
3616956,6641
3621956,6640
3626956,6640
3631956,6641
3636956,6639
3641956,6640
3646956,6640
3651960,6640
3656960,6641
3661964,6640
3666964,6640
3671964,6640
3676964,6641
3681964,6641
3686964,6641
3691968,6639
3696968,6640
3701968,6641
3706968,6640
3711968,6640
3716972,6640
3721972,6639
3726976,6639
3731980,6640
3736980,6642
3741980,6640
3746984,6640
3751988,6640
3756992,6640
3761992,6640
3766992,6640
3771992,6641
3776992,6640
3781992,6640
3786992,6640
3791992,6640
3796996,6641
3801996,6640
3806996,6640
3811996,6640
3817000,6640
3822000,6640
3827000,6640
3832000,6639
3837004,6640
3842004,6640
3847008,6639
3852008,6640
3857012,6640
3862012,6641
3867016,6640
3872016,6640
3877016,6640
3882016,6641
3887016,6640
3892016,6640
3897016,6640
3902016,6641
3907016,6639
3912016,6639
3917016,6640
3922016,6640
3927016,6640
3932016,6640
3937016,6640
3942016,6640
3947016,6639
3952016,6640
3957016,6640
3962016,6640
3967016,6640
3972016,6640
3977016,6639
3982016,6639
3987016,6640
3992016,6640
3997016,6640
4002020,6640
4007020,6639
4012020,6640
4017020,6640
4022024,6640
4027024,6640
4032028,6640
4037032,6640
4042032,6640
4047032,6640
4052032,6640
4057032,6641
4062032,6640
4067032,6639
4072032,6640
4077032,6639
4082036,6639
4087036,6639
4092036,6640
4097036,6640
4102040,6639
4107040,6640
4112040,6641
4117044,6640
4122048,6640
4127048,6639
4132048,6640
4137048,6639
4142052,6639
4147052,6639
4152056,6640
4157056,6640
4162056,6640
4167056,6639
4172056,6639
4177056,6639
4182056,6639
4187056,6639
4192056,6640
4197056,6640
4202056,6640
4207056,6638
4212056,6639
4217056,6640
4222056,6640
4227056,6639
4232056,6639
4237056,6640
4242056,6640
4247056,6639
4252056,6639
4257056,6639
4262056,6639
4267056,6639
4272056,6640
4277056,6639
4282056,6639
4287056,6639
4292056,6640
4297056,6639
4302056,6640
4307056,6640
4312056,6639
4317056,6641
4322060,6639
4327064,6639
4332068,6639
4337072,6640
4342072,6639
4347072,6639
4352072,6639
4357072,6640
4362072,6639
4367072,6639
4372072,6639
4377072,6640
4382072,6639
4387072,6640
4392072,6639
4397072,6641
4402072,6639
4407072,6638
4412072,6640
4417072,6640
4422076,6640
4427076,6640
4432076,6639
4437080,6639
4442084,6639
4447084,6638
4452088,6640
4457092,6639
4462092,6640
4467092,6638
4472092,6640
4477096,6639
4482096,6639
4487096,6639
4492096,6640
4497100,6639
4502100,6640
4507100,6639
4512100,6640
4517100,6639
4522104,6639
4527112,6639
4532112,6638
4537112,6639
4542112,6639
4547112,6639
4552112,6638
4557112,6640
4562112,6640
4567112,6640
4572112,6639
4577112,6640
4582112,6640
4587112,6639
4592112,6639
4597112,6639
4602112,6639
4607112,6639
4612112,6639
4617112,6639
4622112,6639
4627112,6639
4632112,6639
4637116,6639
4642116,6639
4647120,6639
4652120,6640
4657124,6640
4662128,6640
4667128,6639
4672128,6640
4677128,6639
4682128,6639
4687128,6639
4692128,6639
4697128,6639
4702132,6639
4707132,6639
4712132,6639
4717132,6639
4722132,6640
4727132,6638
4732132,6639
4737132,6639
4742132,6639
4747132,6639
4752136,6640
4757136,6639
4762136,6638
4767136,6639
4772136,6639
4777136,6639
4782136,6638
4787136,6638
4792136,6639
4797136,6640
4802136,6639
4807136,6639
4812136,6639
4817136,6639
4822136,6639
4827136,6639
4832136,6639
4837140,6638
4842144,6639
4847144,6639
4852144,6638
4857144,6639
4862148,6639
4867148,6638
4872148,6639
4877148,6639
4882148,6638
4887148,6638
4892148,6639
4897148,6640
4902152,6639
4907152,6639
4912152,6638
4917152,6639
4922152,6639
4927152,6638
4932152,6639
4937156,6639
4942156,6638
4947156,6639
4952156,6638
4957156,6639
4962156,6639
4967156,6639
4972160,6638
4977160,6639
4982164,6639
4987164,6639
4992164,6638
4997168,6640
5002168,6638
5007168,6639
5012172,6639
5017172,6638
5022176,6638
5027176,6638
5032180,6638
5037180,6639
5042180,6638
5047180,6638
5052180,6638
5057180,6638
5062180,6639
5067184,6638
5072184,6639
5077184,6638
5082184,6639
5087184,6638
5092184,6639
5097184,6639
5102184,6638
5107184,6638
5112184,6639
5117184,6639
5122184,6637
5127184,6639
5132184,6638
5137184,6638
5142184,6638
5147184,6638
5152184,6638
5157184,6638
5162184,6638
5167184,6638
5172188,6638
5177188,6638
5182192,6638
5187196,6638
5192196,6637
5197196,6638
5202196,6638
5207196,6638
5212196,6639
5217196,6639
5222196,6639
5227196,6638
5232196,6638
5237196,6639
5242200,6638
5247200,6638
5252200,6638
5257200,6638
5262204,6637
5267208,6638
5272212,6638
5277212,6638
5282212,6637
5287212,6638
5292216,6638
5297216,6638
5302216,6637
5307216,6639
5312216,6638
5317216,6637
5322216,6638
5327216,6638
5332216,6639
5337216,6638
5342220,6638
5347220,6638
5352220,6638
5357220,6638
5362220,6638
5367220,6638
5372220,6638
5377220,6639
5382220,6638
5387220,6638
5392220,6638
5397220,6638
5402220,6637
5407224,6639
5412224,6637
5417224,6639
5422224,6637
5427224,6637
5432224,6638
5437224,6638
5442224,6637
5447224,6637
5452224,6638
5457224,6638
5462224,6638
5467228,6638
5472228,6638
5477228,6638
5482228,6637
5487228,6637
5492228,6637
5497232,6638
5502232,6638
5507232,6638
5512236,6638
5517236,6637
5522236,6638
5527236,6638
5532236,6638
5537236,6638
5542236,6637
5547236,6638
5552236,6637
5557236,6638
5562236,6637
5567236,6638
5572236,6638
5577240,6638
5582240,6638
5587240,6638
5592240,6637
5597240,6638
5602240,6638
5607240,6637
5612240,6638
5617244,6638
5622244,6637
5627244,6637
5632244,6637
5637244,6637
5642244,6637
5647244,6637
5652244,6638
5657244,6638
5662248,6636
5667252,6637
5672252,6637
5677252,6637
5682256,6638
5687256,6637
5692256,6638
5697256,6637
5702256,6637
5707256,6637
5712256,6639
5717256,6637
5722256,6637
5727256,6637
5732256,6638
5737256,6637
5742256,6638
5747256,6638
5752256,6638
5757256,6637
5762256,6637
5767256,6637
5772256,6638
5777256,6638
5782260,6636
5787260,6637
5792260,6638
5797260,6637
5802264,6637
5807264,6637
5812268,6637
5817268,6638
5822268,6636
5827268,6637
5832268,6637
5837268,6637
5842268,6637
5847268,6637
5852268,6637
5857268,6638
5862268,6637
5867268,6637
5872268,6637
5877272,6637
5882272,6637
5887272,6637
5892272,6637
5897276,6638
5902276,6637
5907276,6636
5912276,6637
5917276,6637
5922276,6637
5927280,6637
5932280,6637
5937280,6637
5942284,6637
5947284,6638
5952284,6638
5957284,6638
5962284,6637
5967284,6637
5972284,6637
5977284,6638
5982284,6637
5987284,6637
5992284,6637
5997284,6637
6002284,6637
6007288,6637
6012288,6637
6017288,6637
6022292,6637
6027292,6636
6032296,6637
6037300,6637
6042300,6637
6047304,6637
6052308,6638
6057308,6637
6062308,6637
6067308,6637
6072308,6636
6077308,6637
6082308,6637
6087308,6637
6092308,6637
6097312,6637
6102312,6637
6107312,6637
6112312,6637
6117312,6637
6122312,6637
6127312,6638
6132312,6638
6137312,6637
6142312,6636
6147312,6637
6152312,6637
6157316,6637
6162316,6637
6167316,6637
6172320,6637
6177320,6637
6182320,6637
6187320,6637
6192324,6637
6197328,6637
6202328,6637
6207328,6637
6212328,6636
6217328,6637
6222328,6637
6227328,6637
6232328,6638
6237328,6637
6242328,6636
6247328,6636
6252328,6638
6257328,6637
6262332,6637
6267332,6637
6272332,6637
6277332,6637
6282332,6636
6287332,6636
6292336,6637
6297336,6637
6302336,6637
6307336,6636
6312336,6637
6317336,6637
6322336,6637
6327336,6637
6332336,6638
6337336,6636
6342336,6636
6347336,6637
6352336,6638
6357336,6637
6362336,6636
6367340,6636
6372344,6638
6377344,6636
6382344,6637
6387344,6636
6392348,6638
6397352,6637
6402356,6638
6407356,6636
6412360,6636
6417360,6636
6422360,6637
6427360,6637
6432360,6637
6437360,6638
6442360,6636
6447360,6636
6452360,6637
6457364,6635
6462364,6636
6467364,6636
6472364,6636
6477364,6637
6482364,6637
6487364,6637
6492364,6637
6497364,6637
6502364,6636
6507368,6637
6512372,6637
6517376,6637
6522376,6636
6527376,6636
6532376,6637
6537376,6637
6542376,6637
6547376,6636
6552376,6636
6557380,6637
6562380,6636
6567380,6636
6572380,6636
6577380,6637
6582380,6636
6587380,6636
6592384,6636
6597388,6637
6602392,6636
6607396,6636
6612400,6636
6617400,6637
6622400,6636
6627400,6636
6632400,6636
6637400,6637
6642400,6635
6647400,6636
6652400,6637
6657400,6636
6662400,6637
6667400,6635
6672404,6637
6677404,6636
6682404,6635
6687404,6637
6692404,6636
6697404,6637
6702404,6636
6707404,6637
6712404,6637
6717404,6636
6722404,6635
6727408,6636
6732408,6636
6737408,6636
6742408,6636
6747408,6636
6752408,6636
6757412,6637
6762416,6636
6767416,6636
6772416,6637
6777416,6636
6782416,6636
6787416,6636
6792416,6637
6797416,6636
6802416,6635
6807416,6636
6812416,6636
6817416,6636
6822416,6636
6827420,6636
6832420,6636
6837420,6636
6842420,6637
6847420,6636
6852420,6635
6857420,6636
6862420,6636
6867420,6637
6872420,6637
6877420,6636
6882420,6636
6887420,6637
6892420,6636
6897420,6636
6902420,6636
6907420,6636
6912420,6636
6917424,6635
6922424,6636
6927424,6636
6932424,6636
6937424,6636
6942424,6636
6947424,6636
6952424,6636
6957424,6636
6962424,6636
6967424,6636
6972424,6636
6977424,6636
6982424,6636
6987424,6635
6992424,6635
6997424,6636
7002424,6635
7007424,6636
7012428,6636
7017428,6636
7022428,6635
7027428,6636
7032428,6637
7037428,6636
7042428,6635
7047428,6635
7052432,6637
7057432,6636
7062432,6636
7067432,6636
7072432,6636
7077436,6636
7082436,6635
7087436,6636
7092436,6636
7097436,6635
7102436,6637
7107440,6636
7112440,6637
7117440,6636
7122440,6635
7127440,6636
7132440,6636
7137440,6635
7142440,6635
7147440,6636
7152440,6636
7157440,6635
7162440,6635
7167440,6635
7172440,6635
7177440,6636
7182444,6636
7187444,6636
7192444,6635
7197444,6636
7202444,6636
7207444,6636
7212444,6636
7217448,6635
7222452,6636
7227456,6635
7232456,6636
7237456,6636
7242456,6636
7247456,6636
7252456,6635
7257456,6636
7262456,6635
7267456,6635
7272456,6636
7277456,6635
7282456,6635
7287456,6635
7292456,6635
7297456,6636
7302460,6636
7307460,6636
7312460,6636
7317460,6636
7322460,6635
7327460,6636
7332460,6635
7337460,6636
7342460,6635
7347460,6635
7352460,6636
7357460,6634
7362460,6635
7367460,6636
7372460,6635
7377460,6636
7382460,6635
7387460,6636
7392460,6636
7397460,6635
7402460,6636
7407460,6636
7412460,6636
7417460,6636
7422460,6636
7427460,6635
7432460,6636
7437464,6635
7442468,6635
7447468,6636
7452472,6635
7457472,6635
7462472,6635
7467472,6634
7472472,6635
7477476,6636
7482476,6635
7487476,6635
7492476,6635
7497476,6635
7502476,6635
7507476,6636
7512476,6635
7517476,6635
7522476,6635
7527476,6635
7532480,6635
7537480,6635
7542484,6636
7547488,6634
7552488,6636
7557492,6635
7562492,6635
7567492,6635
7572492,6635
7577492,6635
7582492,6635
7587492,6635
7592492,6636
7597492,6636
7602492,6635
7607492,6635
7612492,6635
7617492,6636
7622492,6635
7627492,6635
7632492,6635
7637496,6635
7642496,6634
7647496,6634
7652496,6635
7657496,6636
7662496,6635
7667496,6636
7672496,6634
7677496,6636
7682496,6635
7687496,6635
7692496,6636
7697496,6635
7702496,6636
7707500,6635
7712500,6636
7717500,6635
7722504,6635
7727504,6635
7732508,6636
7737512,6635
7742512,6634
7747512,6636
7752512,6634
7757512,6635
7762512,6634
7767516,6635
7772516,6635
7777516,6634
7782516,6635
7787516,6634
7792520,6636
7797520,6635
7802524,6635
7807524,6634
7812524,6635
7817524,6635
7822524,6635
7827524,6634
7832524,6635
7837524,6635
7842524,6636
7847524,6635
7852524,6635
7857524,6635
7862524,6635
7867524,6634
7872524,6635
7877524,6636
7882524,6634
7887524,6634
7892528,6635
7897528,6634
7902528,6634
7907528,6635
7912528,6634
7917528,6635
7922528,6634
7927528,6636
7932528,6635
7937528,6634
7942528,6635
7947528,6635
7952528,6635
7957528,6635
7962528,6635
7967528,6635
7972528,6635
7977532,6635
7982532,6635
7987532,6635
7992536,6636
7997540,6635
8002544,6634
8007544,6634
8012544,6634
8017544,6635
8022544,6635
8027544,6635
8032544,6635
8037544,6635
8042544,6634
8047544,6635
8052544,6635
8057544,6635
8062544,6634
8067544,6634
8072544,6635
8077544,6635
8082544,6634
8087544,6635
8092544,6635
8097544,6635
8102544,6635
8107544,6634
8112548,6636
8117548,6635
8122548,6634
8127548,6635
8132552,6635
8137552,6635
8142552,6635
8147552,6634
8152552,6634
8157552,6635
8162552,6634
8167552,6634
8172552,6635
8177552,6636
8182552,6634
8187552,6635
8192552,6635
8197552,6635
8202556,6634
8207556,6634
8212556,6635
8217556,6635
8222556,6635
8227556,6635
8232556,6634
8237560,6634
8242564,6634
8247564,6634
8252564,6635
8257564,6635
8262564,6634
8267564,6635
8272564,6634
8277564,6634
8282564,6634
8287564,6634
8292564,6635
8297564,6634
8302564,6635
8307564,6634
8312564,6634
8317564,6634
8322564,6635
8327564,6634
8332564,6635
8337564,6635
8342564,6634
8347564,6635
8352564,6634
8357564,6634
8362564,6634
8367564,6634
8372568,6635
8377568,6635
8382568,6633
8387568,6634
8392568,6634
8397568,6634
8402572,6634
8407576,6634
8412576,6635
8417576,6635
8422576,6634
8427580,6634
8432580,6635
8437584,6634
8442584,6634
8447584,6635
8452588,6635
8457588,6634
8462588,6635
8467588,6634
8472588,6634
8477588,6634
8482592,6635
8487596,6634
8492596,6634
8497596,6634
8502596,6634
8507596,6635
8512600,6635
8517600,6635
8522604,6634
8527604,6635
8532604,6634
8537604,6634
8542604,6634
8547604,6634
8552604,6634
8557604,6634
8562604,6633
8567604,6634
8572604,6634
8577604,6633
8582604,6635
8587604,6635
8592604,6635
8597604,6634
8602604,6634
8607604,6634
8612604,6635
8617604,6635
8622604,6634
8627604,6634
8632604,6635
8637604,6634
8642604,6634
8647604,6634
8652604,6635
8657604,6634
8662604,6634
8667604,6634
8672604,6635
8677604,6635
8682604,6634
8687604,6633
8692604,6634
8697604,6634
8702604,6634
8707604,6634
8712604,6635
8717608,6634
8722612,6634
8727616,6634
8732620,6635
8737620,6634
8742620,6634
8747620,6634
8752620,6634
8757620,6634
8762620,6634
8767620,6635
8772620,6635
8777620,6635
8782620,6634
8787620,6634
8792620,6634
8797620,6634
8802620,6634
8807620,6635
8812620,6634
8817620,6636
8822620,6635
8827620,6634
8832620,6634
8837620,6634
8842620,6634
8847620,6634
8852624,6634
8857624,6634
8862624,6633
8867624,6635
8872624,6635
8877624,6634
8882624,6634
8887624,6635
8892624,6634
8897628,6634
8902628,6634
8907628,6635
8912628,6634
8917628,6634
8922628,6634
8927628,6635
8932628,6634
8937628,6633
8942628,6634
8947628,6634
8952628,6635
8957628,6634
8962628,6634
8967628,6635
8972628,6634
8977632,6635
8982636,6634
8987636,6634
8992636,6635
8997636,6634
9002636,6634
9007636,6634
9012636,6634
9017636,6634
9022636,6634
9027640,6634
9032640,6634
9037640,6634
9042640,6633
9047640,6635
9052640,6634
9057640,6634
9062640,6634
9067640,6633
9072644,6634
9077644,6634
9082644,6633
9087644,6634
9092644,6634
9097648,6634
9102652,6634
9107652,6634
9112652,6634
9117652,6634
9122652,6634
9127652,6634
9132652,6634
9137652,6634
9142656,6633
9147656,6633
9152656,6634
9157656,6634
9162656,6634
9167656,6634
9172656,6634
9177656,6633
9182660,6635
9187660,6634
9192660,6634
9197660,6633
9202660,6634
9207660,6633
9212660,6634
9217660,6634
9222660,6633
9227660,6633
9232660,6634
9237660,6634
9242660,6633
9247660,6634
9252660,6634
9257660,6633
9262660,6633
9267660,6634
9272660,6634
9277660,6634
9282660,6633
9287660,6633
9292660,6635
9297660,6634
9302660,6634
9307660,6634
9312660,6635
9317660,6634
9322660,6633
9327660,6633
9332660,6633
9337660,6634
9342660,6633
9347660,6633
9352660,6633
9357660,6634
9362660,6634
9367660,6634
9372660,6634
9377660,6634
9382660,6634
9387660,6634
9392660,6633
9397660,6633
9402660,6633
9407660,6634
9412660,6634
9417660,6633
9422660,6634
9427660,6634
9432660,6634
9437664,6634
9442664,6634
9447664,6634
9452668,6634
9457668,6634
9462668,6633
9467668,6635
9472668,6634
9477672,6634
9482672,6634
9487676,6634
9492676,6634
9497676,6633
9502676,6634
9507676,6634
9512676,6633
9517676,6633
9522676,6633
9527676,6633
9532676,6634
9537676,6634
9542676,6633
9547676,6633
9552676,6633
9557676,6633
9562676,6634
9567676,6635
9572676,6633
9577676,6633
9582676,6634
9587680,6633
9592684,6634
9597684,6634
9602684,6634
9607684,6634
9612684,6633
9617688,6634
9622688,6633
9627688,6633
9632688,6634
9637688,6634
9642688,6634
9647692,6634
9652692,6634
9657692,6633
9662692,6634
9667692,6633
9672692,6634
9677692,6634
9682692,6634
9687696,6633
9692696,6634
9697700,6634
9702704,6634
9707704,6633
9712704,6634
9717704,6632
9722708,6633
9727712,6634
9732716,6634
9737716,6634
9742716,6633
9747716,6633
9752716,6635
9757716,6634
9762720,6633
9767720,6634
9772724,6634
9777724,6633
9782724,6634
9787728,6634
9792728,6633
9797728,6633
9802728,6633
9807728,6633
9812728,6634
9817728,6634
9822732,6633
9827732,6633
9832732,6634
9837736,6634
9842736,6633
9847736,6633
9852736,6634
9857736,6634
9862736,6633
9867736,6634
9872736,6633
9877736,6634
9882740,6634
9887740,6633
9892740,6633
9897740,6634
9902740,6633
9907740,6633
9912740,6633
9917740,6634
9922740,6633
9927740,6633
9932740,6633
9937740,6635
9942740,6634
9947740,6633
9952740,6634
9957744,6633
9962744,6634
9967748,6633
9972748,6633
9977748,6633
9982748,6634
9987748,6633
9992748,6634
9997748,6634
10002748,6633
10007748,6634
10012748,6634
10017748,6634
10022748,6633
10027748,6633
10032748,6634
10037748,6634
10042748,6633
10047748,6633
10052748,6634
10057748,6633
10062748,6633
10067748,6633
10072752,6633
10077752,6633
10082756,6633
10087756,6634
10092756,6633
10097760,6633
10102760,6632
10107760,6634
10112760,6633
10117760,6633
10122764,6632
10127764,6634
10132764,6634
10137764,6632
10142768,6633
10147768,6634
10152768,6634
10157772,6634
10162776,6633
10167776,6633
10172776,6633
10177776,6633
10182780,6633
10187784,6633
10192784,6633
10197784,6634
10202784,6633
10207784,6633
10212784,6633
10217784,6633
10222784,6632
10227784,6633
10232788,6633
10237788,6632
10242788,6633
10247792,6633
10252792,6633
10257792,6634
10262792,6632
10267792,6633
10272792,6633
10277792,6633
10282792,6632
10287792,6634
10292792,6633
10297792,6633
10302792,6633
10307792,6634
10312792,6633
10317792,6633
10322792,6633
10327796,6633
10332800,6633
10337804,6633
10342804,6633
10347808,6633
10352808,6633
10357808,6633
10362808,6633
10367808,6633
10372808,6633
10377808,6632
10382808,6633
10387808,6633
10392808,6634
10397808,6633
10402808,6633
10407808,6633
10412808,6633
10417808,6632
10422808,6634
10427812,6632
10432812,6633
10437816,6632
10442816,6633
10447816,6633
10452816,6634
10457816,6633
10462816,6633
10467816,6633
10472816,6633
10477816,6634
10482816,6634
10487820,6634
10492820,6633
10497820,6633
10502820,6632
10507824,6633
10512824,6633
10517824,6633
10522824,6633
10527824,6632
10532824,6634
10537824,6633
10542824,6633
10547824,6633
10552828,6633
10557828,6633
10562828,6632
10567832,6633
10572832,6633
10577832,6632
10582832,6633
10587832,6633
10592832,6633
10597832,6632
10602832,6633
10607832,6633
10612832,6633
10617836,6632
10622836,6632
10627836,6632
10632836,6634
10637836,6633
10642836,6633
10647836,6633
10652836,6634
10657840,6632
10662840,6633
10667840,6632
10672840,6633
10677840,6633
10682840,6633
10687840,6633
10692840,6632
10697840,6632
10702840,6633
10707844,6633
10712844,6633
10717844,6632
10722844,6633
10727844,6633
10732844,6632
10737848,6632
10742848,6632
10747848,6633
10752848,6634
10757848,6633
10762848,6633
10767852,6633
10772852,6633
10777852,6632
10782852,6632
10787856,6633
10792856,6633
10797860,6632
10802860,6633
10807860,6633
10812860,6633
10817860,6633
10822860,6633
10827860,6633
10832860,6633
10837864,6632
10842864,6632
10847864,6633
10852864,6633
10857864,6632
10862864,6633
10867864,6632
10872864,6633
10877864,6633
10882864,6633
10887864,6633
10892864,6633
10897868,6632
10902868,6632
10907868,6633
10912868,6633
10917872,6633
10922872,6633
10927872,6632
10932872,6633
10937872,6632
10942872,6631
10947872,6633
10952872,6633
10957872,6632
10962872,6632
10967876,6633
10972876,6633
10977876,6632
10982876,6632
10987876,6632
10992876,6632
10997876,6632
11002876,6633
11007876,6633
11012876,6632
11017876,6632
11022876,6632
11027876,6633
11032876,6633
11037876,6632
11042876,6633
11047876,6632
11052880,6632
11057880,6632
11062884,6633
11067884,6633
11072884,6633
11077884,6633
11082884,6633
11087884,6633
11092884,6631
11097884,6632
11102884,6633
11107884,6632
11112884,6632
11117884,6632
11122884,6632
11127884,6633
11132888,6633
11137892,6633
11142896,6633
11147900,6632
11152900,6632
11157904,6632
11162904,6632
11167908,6632
11172908,6633
11177908,6633
11182908,6631
11187908,6633
11192908,6633
11197908,6633
11202908,6632
11207908,6632
11212912,6632
11217912,6631
11222916,6632
11227916,6633
11232916,6633
11237916,6631
11242916,6632
11247916,6632
11252916,6633
11257916,6633
11262916,6632
11267920,6632
11272920,6632
11277920,6632
11282920,6633
11287920,6633
11292920,6633
11297920,6632
11302920,6633
11307920,6632
11312920,6632
11317920,6632
11322920,6632
11327920,6633
11332920,6632
11337920,6632
11342920,6632
11347920,6633
11352920,6632
11357920,6632
11362920,6632
11367920,6632
11372920,6633
11377920,6632
11382924,6632
11387924,6632
11392924,6632
11397924,6632
11402924,6632
11407924,6632
11412924,6633
11417924,6632
11422924,6632
11427924,6632
11432928,6633
11437928,6631
11442928,6632
11447932,6632
11452932,6632
11457936,6633
11462936,6632
11467936,6632
11472936,6632
11477936,6631
11482936,6632
11487940,6632
11492940,6631
11497940,6632
11502940,6631
11507940,6633
11512940,6632
11517940,6632
11522940,6633
11527940,6631
11532940,6632
11537940,6632
11542940,6632
11547944,6633
11552944,6632
11557944,6632
11562944,6632
11567948,6632
11572948,6632
11577948,6632
11582952,6631
11587952,6632
11592952,6631
11597952,6632
11602956,6632
11607956,6632
11612956,6630
11617956,6632
11622956,6631
11627960,6632
11632960,6632
11637960,6632
11642960,6631
11647960,6632
11652960,6632
11657960,6631
11662960,6631
11667960,6632
11672960,6631
11677960,6630
11682960,6632
11687960,6632
11692960,6632
11697960,6631
11702960,6630
11707960,6632
11712960,6632
11717960,6631
11722960,6631
11727960,6632
11732960,6631
11737960,6632
11742964,6632
11747964,6631
11752964,6632
11757968,6631
11762968,6631
11767968,6633
11772968,6631
11777968,6631
11782968,6631
11787968,6631
11792968,6632
11797968,6632
11802968,6632
11807968,6631
11812972,6632
11817972,6632
11822972,6631
11827972,6632
11832972,6632
11837976,6631
11842980,6632
11847980,6631
11852980,6632
11857980,6631
11862980,6631
11867980,6632
11872980,6633
11877980,6632
11882980,6632
11887980,6633
11892980,6632
11897980,6631
11902980,6632
11907984,6632
11912984,6632
11917984,6631
11922984,6631
11927984,6632
11932988,6631
11937988,6631
11942988,6631
11947992,6631
11952992,6631
11957996,6632
11962996,6631
11967996,6631
11972996,6631
11977996,6631
11982996,6631
11987996,6631
11992996,6631
11998000,6631
12003004,6631
12008008,6631
12013012,6631
12018012,6632
12023012,6631
12028012,6631
12033012,6631
12038012,6631
12043012,6632
12048012,6631
12053012,6631
12058012,6632
12063012,6632
12068016,6632
12073016,6632
12078016,6631
12083016,6631
12088016,6631
12093016,6631
12098016,6631
12103016,6631
12108016,6631
12113020,6632
12118024,6630
12123024,6631
12128024,6631
12133024,6631
12138024,6630
12143024,6631
12148024,6632
12153024,6631
12158024,6631
12163028,6631
12168028,6631
12173028,6632
12178028,6632
12183028,6632
12188028,6631
12193028,6632
12198028,6632
12203028,6631
12208028,6631
12213028,6630
12218028,6632
12223032,6631
12228032,6632
12233036,6631
12238036,6632
12243040,6631
12248044,6632
12253044,6631
12258044,6631
12263044,6631
12268044,6632
12273044,6631
12278044,6630
12283044,6631
12288044,6631
12293044,6631
12298044,6632
12303044,6631
12308044,6631
12313044,6631
12318044,6631
12323044,6631
12328044,6631
12333044,6631
12338044,6631
12343044,6631
12348044,6632
12353044,6631
12358044,6630
12363044,6631
12368044,6631
12373048,6631
12378052,6630
12383056,6631
12388056,6631
12393060,6631
12398060,6632
12403060,6631
12408064,6631
12413064,6632
12418064,6632
12423064,6631
12428064,6631
12433064,6631
12438068,6630
12443068,6632
12448068,6631
12453068,6631
12458068,6631
12463068,6631
12468068,6631
12473068,6631
12478068,6631
12483068,6630
12488068,6631
12493068,6631
12498068,6631
12503068,6632
12508068,6631
12513068,6632
12518068,6631
12523068,6630
12528068,6631
12533068,6631
12538068,6632
12543068,6631
12548068,6632
12553068,6630
12558068,6631
12563068,6631
12568072,6632
12573076,6631
12578076,6630
12583076,6631
12588076,6630
12593076,6630
12598076,6631
12603076,6631
12608076,6631
12613076,6631
12618076,6630
12623076,6631
12628076,6630
12633076,6632
12638076,6631
12643076,6630
12648076,6631
12653076,6631
12658080,6630
12663080,6631
12668080,6631
12673080,6631
12678080,6631
12683080,6630
12688080,6631
12693084,6630
12698084,6630
12703084,6630
12708084,6631
12713084,6630
12718088,6631
12723088,6630
12728088,6631
12733088,6631
12738092,6631
12743092,6631
12748096,6630
12753096,6631
12758096,6630
12763096,6631
12768096,6631
12773096,6631
12778096,6631
12783100,6630
12788100,6631
12793100,6631
12798100,6630
12803100,6630
12808104,6631
12813104,6631
12818104,6630
12823104,6630
12828104,6631
12833104,6631
12838104,6630
12843104,6631
12848104,6631
12853104,6630
12858104,6631
12863104,6631
12868104,6631
12873104,6630
12878104,6630
12883104,6630
12888104,6631
12893104,6631
12898104,6631
12903104,6631
12908104,6631
12913104,6631
12918104,6631
12923104,6630
12928104,6631
12933104,6630
12938104,6630
12943104,6631
12948104,6631
12953104,6630
12958104,6630
12963104,6631
12968104,6631
12973104,6631
12978104,6630
12983104,6630
12988104,6631
12993108,6630
12998112,6630
13003112,6630
13008112,6632
13013112,6630
13018112,6631
13023112,6631
13028116,6630
13033116,6632
13038116,6631
13043116,6632
13048116,6630
13053116,6632
13058116,6630
13063116,6630
13068116,6631
13073116,6630
13078116,6630
13083116,6631
13088116,6631
13093120,6630
13098120,6630
13103120,6631
13108124,6631
13113128,6631
13118128,6631
13123128,6630
13128128,6630
13133128,6631
13138128,6629
13143128,6630
13148128,6631
13153128,6631
13158128,6631
13163128,6630
13168128,6630
13173128,6631
13178128,6630
13183128,6630
13188128,6630
13193128,6631
13198128,6630
13203128,6630
13208128,6631
13213128,6631
13218128,6631
13223128,6630
13228128,6631
13233128,6631
13238128,6630
13243128,6630
13248128,6631
13253128,6630
13258128,6630
13263128,6630
13268128,6631
13273128,6630
13278128,6630
13283128,6631
13288128,6631
13293128,6631
13298128,6630
13303128,6631
13308128,6631
13313128,6630
13318128,6631
13323128,6631
13328128,6632
13333132,6631
13338132,6631
13343132,6631
13348132,6631
13353132,6631
13358132,6630
13363132,6631
13368132,6631
13373132,6631
13378132,6631
13383136,6630
13388136,6630
13393136,6630
13398140,6630
13403140,6630
13408140,6630
13413140,6631
13418140,6630
13423140,6631
13428140,6631
13433140,6631
13438140,6630
13443144,6630
13448144,6631
13453144,6631
13458144,6630
13463144,6631
13468144,6631
13473144,6630
13478144,6630
13483144,6631
13488144,6630
13493144,6630
13498144,6630
13503148,6630
13508148,6631
13513148,6630
13518148,6630
13523148,6631
13528148,6630
13533148,6629
13538148,6629
13543152,6631
13548152,6630
13553152,6630
13558152,6630
13563152,6630
13568156,6631
13573156,6630
13578156,6630
13583156,6630
13588156,6630
13593156,6630
13598156,6630
13603156,6630
13608160,6630
13613164,6630
13618164,6630
13623164,6630
13628164,6630
13633164,6630
13638168,6630
13643168,6630
13648168,6631
13653172,6630
13658172,6630
13663172,6630
13668176,6631
13673176,6630
13678180,6630
13683180,6630
13688180,6631
13693180,6630
13698184,6630
13703188,6630
13708188,6631
13713188,6631
13718188,6629
13723188,6630
13728188,6631
13733188,6630
13738188,6630
13743188,6630
13748188,6630
13753188,6630
13758192,6630
13763192,6630
13768192,6630
13773192,6630
13778192,6630
13783192,6630
13788192,6630
13793192,6630
13798196,6629
13803196,6630
13808196,6631
13813196,6630
13818200,6631
13823204,6629
13828204,6630
13833204,6630
13838204,6630
13843204,6630
13848204,6630
13853204,6630
13858204,6629
13863204,6630
13868204,6630
13873204,6631
13878208,6629
13883208,6630
13888208,6631
13893208,6630
13898208,6629
13903212,6629
13908212,6630
13913212,6630
13918216,6630
13923216,6631
13928216,6630
13933216,6630
13938216,6630
13943216,6630
13948216,6629
13953216,6630
13958216,6630
13963216,6630
13968216,6630
13973216,6630
13978216,6631
13983220,6631
13988220,6630
13993220,6629
13998220,6629
14003220,6630
14008220,6630
14013220,6630
14018224,6629
14023228,6630
14028228,6630
14033228,6630
14038232,6630
14043232,6630
14048232,6630
14053232,6630
14058232,6630
14063232,6630
14068232,6629
14073236,6630
14078236,6630
14083236,6630
14088236,6631
14093236,6629
14098240,6630
14103240,6631
14108240,6630
14113244,6631
14118244,6629
14123244,6630
14128244,6630
14133244,6630
14138244,6629
14143244,6631
14148244,6631
14153244,6630
14158244,6629
14163244,6630
14168248,6630
14173248,6630
14178252,6630
14183252,6630
14188252,6629
14193252,6631
14198252,6630
14203252,6631
14208252,6630
14213252,6630
14218252,6629
14223252,6630
14228252,6630
14233252,6629
14238252,6630
14243252,6631
14248252,6630
14253252,6629
14258252,6629
14263252,6630
14268252,6630
14273252,6630
14278252,6629
14283252,6629
14288252,6629
14293252,6629
14298252,6629
14303252,6629
14308252,6630
14313252,6629
14318252,6630
14323252,6630
14328252,6630
14333252,6629
14338256,6630
14343256,6630
14348256,6630
14353256,6629
14358256,6630
14363256,6630
14368256,6630
14373256,6629
14378256,6629
14383256,6630
14388256,6630
14393256,6630
14398256,6630
14403260,6629
14408260,6629
14413260,6630
14418260,6629
14423260,6630
14428260,6629
14433260,6629
14438260,6629
14443260,6630
14448260,6630
14453260,6630
14458260,6629
14463260,6630
14468260,6629
14473260,6629
14478260,6629
14483260,6629
14488260,6630
14493260,6630
14498260,6629
14503260,6629
14508260,6629
14513260,6630
14518264,6629
14523268,6629
14528268,6629
14533268,6630
14538268,6630
14543268,6630
14548268,6629
14553268,6629
14558268,6629
14563268,6630
14568268,6630
14573268,6630
14578268,6628
14583268,6629
14588268,6630
14593268,6629
14598268,6630
14603272,6629
14608272,6630
14613272,6629
14618272,6629
14623272,6629
14628272,6629
14633272,6629
14638272,6629
14643272,6630
14648272,6630
14653272,6629
14658272,6629
14663272,6630
14668272,6629
14673272,6628
14678272,6629
14683272,6629
14688272,6630
14693272,6629
14698272,6628
14703272,6629
14708272,6629
14713272,6629
14718272,6629
14723272,6629
14728272,6629
14733272,6629
14738272,6628
14743272,6630
14748272,6630
14753272,6629
14758272,6628
14763272,6630
14768272,6630
14773272,6629
14778276,6629
14783280,6629
14788280,6630
14793284,6630
14798284,6629
14803284,6630
14808288,6629
14813288,6629
14818288,6629
14823288,6630
14828288,6629
14833288,6628
14838288,6629
14843288,6629
14848288,6629
14853288,6630
14858288,6629
14863288,6629
14868288,6630
14873288,6628
14878292,6628
14883292,6629
14888296,6629
14893296,6630
14898296,6630
14903304,6629
14908304,6629
14913304,6629
14918304,6629
14923308,6629
14928308,6629
14933308,6629
14938312,6629
14943312,6629
14948312,6629
14953312,6629
14958312,6629
14963316,6631
14968316,6629
14973320,6630
14978320,6630
14983324,6628
14988328,6630
14993332,6629
14998332,6628
15003332,6629
15008332,6629
15013332,6629
15018332,6628
15023332,6629
15028332,6630
15033332,6629
15038332,6628
15043332,6629
15048332,6630
15053332,6629
15058332,6628
15063332,6629
15068332,6629
15073332,6629
15078332,6629
15083332,6629
15088332,6629
15093332,6628
15098332,6628
15103332,6629
15108332,6630
15113332,6629
15118332,6628
15123332,6630
15128332,6630
15133332,6630
15138332,6628
15143332,6629
15148332,6629
15153332,6629
15158332,6629
15163336,6629
15168336,6630
15173336,6628
15178336,6629
15183336,6629
15188336,6629
15193336,6628
15198336,6628
15203336,6629
15208336,6629
15213336,6629
15218336,6628
15223336,6629
15228336,6629
15233336,6629
15238336,6628
15243336,6629
15248336,6630
15253336,6629
15258336,6629
15263336,6630
15268336,6629
15273336,6629
15278336,6629
15283336,6630
15288340,6630
15293340,6629
15298340,6628
15303340,6628
15308344,6629
15313344,6629
15318344,6629
15323344,6628
15328344,6629
15333344,6629
15338344,6629
15343344,6628
15348344,6629
15353344,6629
15358344,6629
15363344,6628
15368344,6630
15373344,6629
15378344,6629
15383348,6628
15388348,6629
15393352,6628
15398356,6629
15403356,6629
15408356,6629
15413356,6629
15418356,6629
15423356,6629
15428356,6629
15433356,6629
15438356,6629
15443360,6629
15448364,6629
15453364,6629
15458364,6629
15463368,6628
15468368,6630
15473368,6629
15478368,6629
15483368,6628
15488368,6629
15493368,6629
15498368,6629
15503368,6629
15508368,6629
15513368,6629
15518368,6628
15523368,6628
15528368,6629
15533368,6629
15538368,6628
15543368,6630
15548368,6629
15553368,6628
15558368,6628
15563368,6629
15568368,6630
15573368,6628
15578368,6628
15583368,6628
15588372,6628
15593372,6628
15598372,6629
15603372,6629
15608372,6629
15613372,6629
15618376,6628
15623376,6628
15628376,6628
15633376,6629
15638376,6629
15643376,6629
15648380,6629
15653380,6628
15658384,6628
15663384,6628
15668384,6629
15673384,6628
15678384,6628
15683384,6629
15688384,6629
15693388,6628
15698388,6628
15703388,6628
15708388,6629
15713388,6629
15718388,6629
15723392,6628
15728392,6629
15733392,6628
15738392,6628
15743392,6629
15748392,6628
15753392,6628
15758396,6628
15763396,6629
15768396,6630
15773400,6628
15778400,6628
15783400,6629
15788400,6629
15793400,6629
15798400,6628
15803400,6629
15808400,6629
15813400,6628
15818400,6628
15823400,6629
15828400,6629
15833400,6628
15838400,6628
15843400,6629
15848400,6629
15853400,6627
15858400,6628
15863400,6628
15868400,6629
15873400,6628
15878400,6628
15883400,6630
15888404,6628
15893404,6629
15898404,6628
15903404,6628
15908404,6628
15913404,6628
15918404,6628
15923404,6628
15928404,6628
15933408,6628
15938408,6628
15943412,6628
15948412,6629
15953412,6628
15958412,6628
15963412,6629
15968412,6629
15973412,6627
15978412,6628
15983412,6629
15988412,6628
15993412,6629
15998412,6628
16003412,6629
16008412,6627
16013412,6629
16018412,6628
16023416,6628
16028416,6628
16033416,6628
16038420,6628
16043420,6628
16048420,6629
16053420,6628
16058420,6628
16063420,6628
16068420,6628
16073424,6629
16078424,6628
16083428,6628
16088428,6629
16093428,6628
16098428,6628
16103432,6628
16108432,6628
16113432,6628
16118432,6628
16123432,6628
16128432,6628
16133436,6628
16138436,6628
16143436,6629
16148436,6628
16153440,6627
16158440,6627
16163440,6628
16168440,6629
16173440,6628
16178440,6628
16183440,6628
16188440,6628
16193440,6629
16198440,6629
16203440,6629
16208440,6628
16213440,6627
16218440,6627
16223440,6628
16228440,6628
16233440,6628
16238440,6628
16243444,6628
16248448,6628
16253448,6629
16258448,6628
16263448,6629
16268452,6628
16273452,6628
16278452,6627
16283452,6628
16288452,6628
16293452,6628
16298452,6628
16303452,6628
16308452,6628
16313452,6628
16318452,6628
16323452,6628
16328452,6629
16333452,6629
16338452,6627
16343456,6627
16348456,6628
16353456,6627
16358456,6628
16363456,6628
16368456,6628
16373456,6627
16378456,6628
16383460,6628
16388460,6628
16393460,6628
16398460,6627
16403460,6628
16408460,6628
16413460,6627
16418460,6629
16423464,6628
16428464,6627
16433464,6628
16438468,6628
16443468,6628
16448468,6628
16453468,6626
16458468,6628
16463472,6629
16468472,6628
16473472,6628
16478472,6627
16483472,6628
16488476,6628
16493476,6628
16498476,6629
16503476,6629
16508476,6628
16513476,6627
16518476,6628
16523476,6628
16528476,6628
16533476,6628
16538476,6628
16543476,6628
16548476,6628
16553476,6627
16558476,6628
16563476,6628
16568476,6629
16573480,6627
16578480,6628
16583480,6628
16588480,6629
16593480,6628
16598480,6628
16603480,6628
16608480,6628
16613484,6628
16618484,6628
16623488,6628
16628488,6628
16633488,6628
16638488,6628
16643488,6629
16648488,6628
16653492,6628
16658492,6627
16663492,6627
16668496,6628
16673496,6628
16678500,6628
16683500,6627
16688500,6628
16693500,6628
16698500,6627
16703504,6628
16708504,6628
16713504,6628
16718504,6627
16723504,6628
16728504,6627
16733508,6628
16738512,6627
16743516,6628
16748516,6628
16753516,6627
16758516,6627
16763516,6628
16768516,6627
16773520,6628
16778520,6627
16783520,6628
16788520,6628
16793520,6627
16798524,6628
16803524,6628
16808524,6627
16813524,6628
16818524,6627
16823524,6628
16828524,6628
16833524,6629
16838524,6627
16843524,6628
16848524,6627
16853524,6628
16858528,6628
16863528,6628
16868528,6628
16873528,6627
16878532,6628
16883532,6628
16888532,6627
16893532,6628
16898532,6627
16903532,6628
16908532,6628
16913532,6627
16918536,6627
16923536,6629
16928536,6628
16933536,6627
16938536,6628
16943536,6628
16948540,6627
16953540,6627
16958540,6627
16963540,6627
16968540,6628
16973540,6626
16978540,6627
16983540,6627
16988540,6628
16993540,6627
16998540,6627
17003540,6627
17008540,6628
17013540,6627
17018544,6627
17023544,6627
17028548,6627
17033552,6628
17038552,6628
17043552,6628
17048552,6628
17053552,6627
17058552,6627
17063552,6627
17068552,6627
17073552,6628
17078552,6627
17083556,6629
17088560,6628
17093560,6627
17098560,6627
17103560,6628
17108560,6628
17113560,6627
17118560,6627
17123560,6627
17128560,6628
17133560,6627
17138560,6628
17143560,6627
17148560,6628
17153560,6627
17158560,6627
17163564,6628
17168568,6627
17173568,6627
17178568,6628
17183568,6627
17188568,6627
17193568,6628
17198568,6626
17203568,6628
17208568,6627
17213568,6627
17218572,6627
17223572,6628
17228572,6628
17233572,6627
17238572,6628
17243572,6628
17248572,6627
17253572,6627
17258572,6628
17263572,6628
17268576,6627
17273576,6628
17278580,6627
17283580,6627
17288580,6628
17293580,6627
17298580,6628
17303580,6627
17308584,6628
17313584,6627
17318588,6628
17323588,6627
17328592,6627
17333592,6627
17338592,6627
17343592,6627
17348592,6627
17353592,6627
17358592,6628
17363592,6627
17368592,6626
17373592,6627
17378592,6628
17383592,6628
17388596,6627
17393596,6626
17398596,6628
17403596,6627
17408596,6627
17413596,6627
17418596,6627
17423596,6627
17428596,6627
17433596,6627
17438596,6627
17443596,6627
17448596,6627
17453596,6627
17458596,6627
17463596,6627
17468596,6627
17473596,6628
17478596,6626
17483596,6628
17488596,6627
17493596,6626
17498596,6627
17503596,6627
17508600,6627
17513600,6626
17518600,6627
17523600,6627
17528600,6627
17533600,6626
17538600,6627
17543600,6628
17548600,6627
17553600,6627
17558600,6627
17563600,6627
17568600,6628
17573600,6628
17578600,6627
17583600,6627
17588600,6627
17593600,6627
17598600,6627
17603600,6628
17608600,6627
17613600,6626
17618604,6627
17623604,6627
17628604,6627
17633604,6626
17638608,6627
17643612,6628
17648612,6627
17653612,6626
17658612,6627
17663616,6627
17668616,6627
17673620,6626
17678620,6627
17683620,6627
17688624,6626
17693624,6626
17698624,6627
17703624,6628
17708624,6627
17713624,6627
17718624,6626
17723624,6627
17728624,6628
17733624,6626
17738624,6627
17743624,6627
17748624,6627
17753624,6628
17758624,6627
17763624,6627
17768624,6628
17773624,6627
17778624,6627
17783624,6627
17788624,6628
17793624,6627
17798624,6627
17803624,6627
17808624,6627
17813628,6627
17818632,6628
17823632,6627
17828632,6627
17833632,6626
17838632,6628
17843632,6627
17848632,6627
17853632,6626
17858632,6627
17863632,6626
17868632,6627
17873632,6626
17878632,6627
17883632,6627
17888632,6627
17893632,6627
17898632,6627
17903632,6627
17908632,6627
17913632,6626
17918632,6627
17923632,6627
17928632,6626
17933632,6627
17938632,6626
17943632,6627
17948632,6627
17953632,6627
17958632,6627
17963632,6627
17968632,6627
17973632,6627
17978632,6627
17983632,6627
17988632,6626
17993636,6627
17998640,6627
18003640,6627
18008644,6626
18013648,6627
18018648,6627
18023648,6626
18028648,6627
18033648,6626
18038648,6627
18043652,6627
18048652,6626
18053652,6627
18058652,6626
18063652,6627
18068652,6626
18073652,6626
18078652,6625
18083652,6627
18088652,6627
18093652,6627
18098656,6626
18103660,6626
18108660,6626
18113660,6627
18118660,6626
18123660,6627
18128660,6628
18133660,6626
18138660,6627
18143660,6627
18148660,6626
18153660,6627
18158664,6626
18163664,6627
18168664,6626
18173664,6627
18178664,6627
18183664,6627
18188664,6626
18193664,6626
18198664,6626
18203668,6627
18208668,6627
18213668,6626
18218672,6627
18223672,6627
18228672,6627
18233672,6626
18238672,6625
18243676,6627
18248676,6627
18253676,6626
18258676,6626
18263676,6627
18268680,6627
18273680,6626
18278680,6626
18283680,6626
18288680,6626
18293680,6626
18298680,6627
18303680,6627
18308680,6627
18313680,6626
18318680,6626
18323680,6627
18328680,6627
18333680,6626
18338680,6627
18343680,6627
18348680,6627
18353680,6627
18358680,6626
18363680,6626
18368680,6626
18373680,6626
18378680,6626
18383680,6627
18388684,6627
18393684,6626
18398688,6627
18403688,6626
18408688,6626
18413688,6626
18418696,6626
18423696,6627
18428696,6626
18433696,6626
18438696,6627
18443696,6627
18448696,6627
18453700,6626
18458700,6627
18463700,6626
18468700,6627
18473700,6626
18478700,6626
18483700,6626
18488700,6627
18493700,6625
18498700,6626
18503704,6626
18508704,6626
18513704,6626
18518704,6627
18523704,6627
18528704,6625
18533704,6626
18538704,6626
18543704,6627
18548704,6626
18553704,6626
18558708,6626
18563708,6626
18568708,6626
18573708,6626
18578712,6626
18583712,6626
18588712,6626
18593712,6626
18598712,6626
18603712,6627
18608712,6626
18613716,6627
18618716,6626
18623716,6626
18628716,6626
18633716,6626
18638716,6627
18643716,6627
18648716,6627
18653716,6626
18658720,6626
18663720,6626
18668720,6626
18673720,6626
18678724,6626
18683724,6627
18688724,6626
18693728,6626
18698728,6625
18703728,6628
18708728,6626
18713728,6626
18718728,6627
18723728,6626
18728728,6626
18733728,6626
18738728,6626
18743728,6626
18748728,6626
18753728,6626
18758728,6626
18763728,6626
18768728,6626
18773728,6625
18778728,6626
18783728,6626
18788728,6626
18793728,6626
18798728,6626
18803728,6626
18808728,6626
18813728,6626
18818728,6626
18823728,6626
18828732,6626
18833732,6626
18838732,6626
18843732,6626
18848732,6626
18853732,6626
18858732,6626
18863736,6626
18868736,6627
18873736,6625
18878736,6626
18883736,6626
18888736,6626
18893736,6625
18898736,6625
18903736,6625
18908736,6626
18913740,6625
18918740,6625
18923744,6626
18928744,6626
18933744,6626
18938748,6626
18943752,6626
18948752,6626
18953752,6626
18958752,6625
18963752,6626
18968752,6626
18973752,6626
18978756,6625
18983760,6625
18988760,6625
18993764,6625
18998764,6626
19003764,6627
19008768,6626
19013768,6626
19018772,6626
19023772,6626
19028772,6626
19033772,6626
19038772,6626
19043772,6627
19048776,6627
19053776,6626
19058776,6626
19063776,6626
19068776,6625
19073776,6626
19078780,6626
19083784,6627
19088784,6626
19093788,6625
19098788,6626
19103788,6626
19108792,6626
19113792,6626
19118792,6626
19123792,6626
19128792,6625
19133792,6625
19138792,6626
19143792,6625
19148796,6626
19153796,6626
19158796,6625
19163796,6626
19168796,6626
19173796,6626
19178800,6625
19183800,6626
19188800,6626
19193800,6626
19198800,6626
19203800,6626
19208800,6626
19213800,6626
19218800,6626
19223800,6626
19228800,6624
19233804,6625
19238804,6626
19243804,6626
19248804,6626
19253804,6625
19258804,6626
19263804,6626
19268804,6626
19273808,6626
19278808,6626
19283808,6626
19288808,6626
19293808,6624
19298808,6626
19303808,6626
19308808,6626
19313808,6626
19318808,6625
19323808,6626
19328808,6626
19333808,6626
19338808,6626
19343812,6626
19348812,6626
19353812,6626
19358812,6626
19363812,6626
19368812,6626
19373812,6625
19378812,6626
19383812,6626
19388812,6626
19393812,6625
19398812,6626
19403816,6625
19408820,6625
19413820,6625
19418820,6626
19423820,6626
19428824,6625
19433824,6625
19438824,6625
19443824,6627
19448824,6625
19453824,6625
19458828,6625
19463828,6626
19468828,6626
19473828,6626
19478828,6627
19483828,6627
19488828,6626
19493828,6625
19498832,6626
19503832,6625
19508836,6626
19513836,6626
19518836,6625
19523840,6626
19528840,6626
19533840,6624
19538840,6626
19543840,6626
19548840,6626
19553840,6625
19558844,6626
19563844,6625
19568848,6627
19573852,6625
19578852,6626
19583852,6626
19588856,6625
19593860,6625
19598860,6625
19603860,6626
19608860,6626
19613860,6625
19618860,6626
19623860,6626
19628860,6627
19633860,6624
19638860,6625
19643860,6625
19648860,6626
19653860,6625
19658860,6625
19663860,6625
19668860,6626
19673860,6626
19678860,6626
19683860,6625
19688864,6625
19693864,6625
19698864,6626
19703864,6626
19708868,6625
19713868,6626
19718868,6626
19723868,6626
19728868,6625
19733868,6625
19738868,6626
19743868,6625
19748872,6625
19753872,6625
19758872,6626
19763872,6625
19768872,6625
19773872,6626
19778872,6625
19783872,6625
19788872,6625
19793872,6625
19798876,6626
19803876,6625
19808876,6626
19813876,6624
19818876,6626
19823876,6625
19828876,6625
19833876,6625
19838876,6626
19843880,6625
19848884,6626
19853888,6625
19858892,6625
19863892,6626
19868892,6625
19873892,6626
19878892,6626
19883892,6626
19888892,6625
19893892,6625
19898896,6626
19903896,6624
19908896,6626
19913900,6625
19918900,6626
19923900,6626
19928900,6626
19933900,6625
19938900,6625
19943904,6625
19948904,6625
19953908,6625
19958908,6626
19963912,6626
19968912,6626
19973912,6625
19978912,6625
19983912,6626
19988912,6626
19993912,6625
19998912,6626
20003912,6626
20008912,6625
20013912,6625
20018912,6626
20023912,6626
20028912,6625
20033912,6625
20038912,6626
20043912,6626
20048916,6625
20053916,6625
20058916,6626
20063916,6625
20068916,6626
20073916,6624
20078916,6625
20083916,6625
20088916,6625
20093920,6626
20098920,6626
20103924,6625
20108924,6626
20113928,6625
20118928,6625
20123928,6626
20128932,6624
20133936,6625
20138936,6625
20143936,6625
20148940,6625
20153940,6625
20158940,6625
20163940,6625
20168940,6625
20173940,6624
20178944,6625
20183944,6625
20188948,6625
20193948,6625
20198952,6625
20203952,6624
20208952,6624
20213956,6625
20218956,6625
20223956,6625
20228956,6624
20233956,6625
20238956,6625
20243956,6625
20248956,6624
20253956,6625
20258956,6625
20263960,6626
20268960,6625
20273960,6625
20278960,6624
20283960,6624
20288960,6625
20293964,6624
20298964,6624
20303964,6625
20308964,6626
20313964,6626
20318964,6625
20323964,6625
20328964,6625
20333964,6626
20338964,6625
20343964,6625
20348964,6624
20353964,6625
20358964,6626
20363964,6625
20368964,6625
20373968,6624
20378968,6626
20383968,6625
20388968,6624
20393968,6625
20398972,6624
20403972,6624
20408972,6625
20413972,6625
20418972,6626
20423972,6625
20428972,6625
20433972,6624
20438976,6625
20443980,6625
20448984,6625
20453988,6624
20458988,6625
20463988,6625
20468988,6625
20473992,6623
20478992,6625
20483992,6625
20488992,6624
20493992,6625
20498992,6625
20503992,6626
20508992,6625
20513992,6624
20518992,6625
20523992,6626
20528992,6625
20533992,6625
20538992,6625
20543992,6625
20548992,6624
20553992,6625
20558996,6625
20563996,6625
20568996,6625
20573996,6625
20578996,6625
20583996,6625
20588996,6624
20593996,6625
20598996,6625
20603996,6625
20608996,6625
20613996,6625
20618996,6625
20623996,6625
20628996,6625
20634000,6625
20639000,6625
20644000,6624
20649000,6625
20654000,6625
20659000,6625
20664000,6624
20669000,6625
20674000,6624
20679000,6625
20684000,6625
20689004,6624
20694004,6625
20699004,6626
20704004,6626
20709004,6625
20714008,6624
20719012,6625
20724012,6624
20729012,6625
20734012,6625
20739012,6625
20744012,6625
20749012,6624
20754012,6625
20759016,6624
20764016,6625
20769016,6626
20774016,6625
20779016,6624
20784020,6625
20789020,6624
20794020,6626
20799020,6624
20804020,6625
20809020,6624
20814020,6624
20819020,6624
20824020,6625
20829020,6624
20834020,6625
20839020,6624
20844020,6625
20849020,6625
20854020,6624
20859020,6625
20864020,6624
20869020,6624
20874020,6625
20879020,6624
20884024,6624
20889024,6624
20894028,6625
20899028,6625
20904032,6624
20909032,6625
20914032,6625
20919032,6625
20924032,6625
20929032,6624
20934036,6625
20939036,6625
20944036,6625
20949040,6625
20954040,6625
20959040,6626
20964040,6625
20969040,6625
20974040,6624
20979040,6625
20984044,6625
20989044,6625
20994048,6624
20999048,6624
21004048,6625
21009048,6625
21014048,6624
21019052,6623
21024052,6624
21029052,6624
21034052,6624
21039056,6625
21044056,6624
21049056,6623
21054056,6624
21059056,6624
21064056,6624
21069056,6624
21074056,6625
21079056,6625
21084056,6624
21089056,6624
21094056,6625
21099056,6625
21104056,6624
21109056,6624
21114056,6625
21119056,6626
21124056,6625
21129056,6624
21134056,6624
21139056,6625
21144056,6624
21149056,6624
21154056,6623
21159056,6625
21164056,6625
21169056,6624
21174056,6623
21179056,6624
21184056,6625
21189056,6624
21194056,6625
21199056,6624
21204056,6625
21209056,6625
21214056,6623
21219060,6625
21224064,6625
21229068,6625
21234068,6624
21239068,6626
21244068,6624
21249068,6624
21254068,6625
21259068,6624
21264068,6624
21269072,6624
21274072,6624
21279072,6624
21284072,6624
21289072,6624
21294072,6624
21299072,6625
21304076,6624
21309076,6623
21314076,6624
21319076,6624
21324076,6625
21329076,6625
21334080,6625
21339080,6625
21344080,6624
21349080,6624
21354080,6625
21359080,6624
21364080,6624
21369080,6625
21374080,6624
21379084,6624
21384084,6625
21389084,6623
21394084,6625
21399084,6624
21404084,6625
21409084,6625
21414084,6625
21419084,6624
21424084,6624
21429084,6623
21434084,6624
21439084,6625
21444084,6625
21449084,6624
21454084,6625
21459084,6624
21464084,6624
21469084,6625
21474084,6625
21479084,6624
21484084,6624
21489084,6624
21494084,6624
21499084,6624
21504084,6625
21509084,6623
21514088,6624
21519092,6624
21524092,6624
21529092,6625
21534096,6624
21539096,6625
21544100,6625
21549100,6623
21554100,6624
21559100,6624
21564100,6624
21569100,6624
21574100,6625
21579100,6624
21584100,6624
21589100,6624
21594100,6624
21599100,6625
21604100,6624
21609100,6624
21614104,6623
21619108,6625
21624108,6625
21629108,6624
21634108,6624
21639108,6625
21644108,6625
21649108,6624
21654108,6624
21659108,6625
21664108,6625
21669108,6624
21674108,6623
21679112,6624
21684112,6624
21689112,6624
21694112,6624
21699112,6624
21704112,6624
21709112,6624
21714112,6625
21719112,6624
21724112,6624
21729112,6623
21734112,6623
21739112,6624
21744112,6624
21749112,6623
21754112,6624
21759112,6624
21764112,6624
21769116,6624
21774116,6624
21779116,6624
21784120,6624
21789120,6624
21794124,6623
21799124,6624
21804124,6624
21809124,6624
21814124,6624
21819124,6625
21824124,6624
21829124,6624
21834124,6624
21839124,6624
21844128,6624
21849128,6624
21854128,6624
21859128,6624
21864128,6624
21869128,6623
21874128,6624
21879128,6624
21884128,6624
21889132,6624
21894132,6623
21899132,6625
21904132,6625
21909136,6624
21914136,6623
21919140,6624
21924140,6624
21929140,6623
21934144,6624
21939144,6624
21944144,6624
21949144,6623
21954144,6624
21959144,6624
21964144,6624
21969144,6623
21974144,6624
21979144,6624
21984144,6624
21989144,6623
21994144,6623
21999144,6626
22004144,6624
22009144,6624
22014144,6624
22019144,6623
22024144,6624
22029144,6624
22034144,6624
22039144,6625
22044144,6624
22049144,6623
22054144,6623
22059144,6624
22064144,6624
22069144,6624
22074144,6624
22079144,6625
22084144,6623
22089144,6624
22094144,6624
22099148,6624
22104148,6623
22109148,6624
22114148,6625
22119148,6624
22124148,6624
22129148,6623
22134148,6623
22139152,6624
22144156,6624
22149156,6624
22154156,6623
22159156,6624
22164156,6624
22169156,6624
22174156,6623
22179156,6624
22184156,6623
22189156,6624
22194156,6624
22199156,6623
22204156,6624
22209156,6624
22214156,6624
22219156,6623
22224156,6625
22229156,6623
22234156,6623
22239156,6624
22244156,6623
22249156,6624
22254156,6624
22259156,6623
22264156,6624
22269156,6624
22274156,6624
22279160,6624
22284160,6623
22289160,6623
22294160,6623
22299160,6623
22304160,6624
22309160,6624
22314160,6623
22319160,6623
22324160,6624
22329160,6623
22334160,6623
22339160,6624
22344160,6623
22349160,6624
22354160,6624
22359160,6624
22364168,6623
22369168,6623
22374168,6623
22379168,6623
22384168,6623
22389168,6623
22394168,6624
22399168,6624
22404168,6623
22409168,6623
22414168,6623
22419168,6624
22424168,6625
22429168,6623
22434172,6623
22439172,6623
22444172,6625
22449172,6624
22454172,6624
22459172,6624
22464176,6624
22469176,6623
22474176,6623
22479176,6624
22484180,6624
22489180,6624
22494180,6623
22499180,6623
22504180,6624
22509184,6623
22514184,6625
22519184,6624
22524184,6624
22529184,6624
22534184,6623
22539184,6624
22544184,6624
22549184,6623
22554184,6623
22559184,6624
22564184,6623
22569184,6624
22574184,6622
22579184,6624
22584184,6624
22589184,6624
22594184,6624
22599184,6624
22604188,6624
22609188,6623
22614188,6623
22619188,6624
22624188,6623
22629188,6623
22634188,6623
22639188,6624
22644192,6623
22649192,6624
22654192,6624
22659192,6624
22664200,6623
22669200,6623
22674200,6623
22679200,6625
22684200,6624
22689200,6623
22694200,6624
22699200,6624
22704200,6623
22709200,6623
22714200,6623
22719200,6623
22724200,6624
22729200,6624
22734200,6623
22739200,6623
22744204,6623
22749204,6623
22754204,6624
22759204,6622
22764204,6623
22769204,6623
22774204,6624
22779204,6623
22784204,6623
22789204,6624
22794204,6623
22799204,6624
22804208,6623
22809208,6623
22814208,6624
22819208,6624
22824208,6623
22829208,6623
22834208,6623
22839208,6624
22844212,6624
22849212,6623
22854212,6622
22859216,6623
22864216,6624
22869216,6624
22874220,6624
22879220,6623
22884220,6624
22889220,6623
22894224,6623
22899224,6623
22904224,6623
22909224,6623
22914224,6624
22919224,6623
22924224,6623
22929224,6623
22934224,6623
22939224,6623
22944224,6624
22949224,6623
22954228,6623
22959228,6623
22964232,6623
22969232,6622
22974232,6625
22979232,6624
22984232,6623
22989232,6623
22994232,6624
22999232,6624
23004232,6623
23009232,6623
23014232,6624
23019232,6624
23024232,6624
23029232,6623
23034232,6623
23039232,6624
23044232,6623
23049232,6624
23054232,6623
23059232,6625
23064236,6623
23069240,6623
23074240,6623
23079240,6624
23084240,6624
23089244,6623
23094244,6623
23099248,6624
23104248,6624
23109248,6624
23114248,6624
23119248,6625
23124248,6624
23129248,6623
23134248,6624
23139252,6624
23144252,6622
23149252,6622
23154252,6624
23159252,6625
23164252,6624
23169252,6624
23174252,6623
23179252,6624
23184252,6624
23189252,6624
23194252,6624
23199252,6624
23204252,6624
23209252,6623
23214252,6624
23219252,6624
23224252,6623
23229252,6624
23234252,6624
23239252,6624
23244252,6624
23249252,6624
23254252,6624
23259252,6625
23264252,6624
23269252,6624
23274252,6625
23279252,6624
23284252,6624
23289252,6623
23294252,6624
23299252,6623
23304252,6624
23309252,6624
23314252,6625
23319252,6625
23324252,6623
23329252,6623
23334252,6624
23339252,6624
23344252,6624
23349256,6624
23354256,6624
23359256,6624
23364256,6624
23369256,6623
23374256,6624
23379256,6624
23384256,6625
23389256,6623
23394256,6623
23399256,6624
23404256,6624
23409256,6624
23414256,6624
23419256,6624
23424256,6624
23429256,6625
23434260,6624
23439260,6624
23444260,6624
23449260,6624
23454260,6624
23459260,6624
23464260,6624
23469260,6624
23474260,6624
23479260,6624
23484260,6624
23489264,6624
23494264,6623
23499264,6624
23504264,6624
23509268,6624
23514268,6625
23519272,6624
23524272,6624
23529272,6624
23534272,6624
23539272,6624
23544272,6624
23549272,6624
23554272,6624
23559272,6625
23564272,6625
23569272,6624
23574272,6624
23579272,6624
23584272,6624
23589276,6624
23594276,6624
23599276,6624
23604276,6624
23609276,6624
23614276,6625
23619276,6624
23624280,6624
23629280,6623
23634280,6625
23639280,6625
23644284,6625
23649288,6624
23654288,6625
23659288,6625
23664288,6624
23669288,6624
23674288,6624
23679288,6625
23684288,6624
23689288,6624
23694288,6625
23699288,6626
23704288,6624
23709288,6624
23714288,6625
23719288,6625
23724288,6624
23729288,6625
23734292,6624
23739292,6624
23744292,6624
23749296,6624
23754296,6625
23759296,6626
23764296,6625
23769296,6623
23774296,6625
23779296,6624
23784296,6624
23789296,6624
23794300,6624
23799304,6624
23804308,6624
23809308,6624
23814308,6625
23819308,6626
23824308,6625
23829308,6625
23834308,6625
23839308,6625
23844308,6625
23849308,6624
23854308,6625
23859308,6625
23864308,6625
23869308,6625
23874308,6625
23879308,6624
23884308,6624
23889308,6624
23894308,6625
23899308,6625
23904312,6625
23909312,6625
23914312,6625
23919312,6625
23924312,6625
23929312,6624
23934312,6625
23939312,6626
23944312,6625
23949320,6625
23954324,6625
23959324,6626
23964328,6624
23969328,6625
23974328,6625
23979328,6625
23984328,6625
23989328,6624
23994328,6625
23999328,6625
24004328,6625
24009328,6625
24014328,6625
24019328,6625
24024328,6624
24029328,6625
24034328,6625
24039328,6625
24044332,6625
24049332,6624
24054332,6625
24059332,6625
24064332,6624
24069332,6624
24074332,6625
24079332,6625
24084332,6625
24089332,6625
24094336,6625
24099336,6625
24104336,6625
24109340,6624
24114344,6626
24119344,6625
24124344,6625
24129344,6625
24134348,6625
24139348,6626
24144348,6624
24149348,6626
24154348,6626
24159348,6625
24164352,6625
24169356,6625
24174356,6626
24179356,6626
24184356,6625
24189356,6625
24194356,6626
24199356,6626
24204356,6626
24209356,6625
24214356,6626
24219356,6625
24224356,6625
24229356,6625
24234356,6626
24239356,6626
24244356,6626
24249356,6625
24254356,6625
24259356,6625
24264360,6625
24269360,6625
24274360,6626
24279360,6626
24284360,6625
24289360,6625
24294360,6626
24299360,6626
24304360,6625
24309364,6626
24314364,6625
24319364,6626
24324364,6626
24329364,6625
24334364,6625
24339364,6626
24344368,6624
24349368,6625
24354368,6625
24359368,6626
24364368,6625
24369372,6626
24374372,6625
24379372,6624
24384372,6625
24389372,6624
24394372,6625
24399372,6625
24404372,6625
24409372,6626
24414376,6625
24419376,6625
24424376,6626
24429376,6626
24434380,6625
24439380,6627
24444384,6625
24449384,6625
24454388,6626
24459388,6626
24464392,6626
24469392,6624
24474392,6626
24479392,6625
24484392,6626
24489392,6626
24494392,6626
24499392,6626
24504392,6625
24509392,6626
24514396,6626
24519396,6626
24524400,6625
24529400,6626
24534400,6626
24539400,6626
24544400,6626
24549400,6626
24554400,6626
24559404,6625
24564404,6626
24569404,6626
24574404,6626
24579404,6627
24584404,6626
24589404,6625
24594404,6625
24599404,6626
24604404,6626
24609404,6627
24614404,6626
24619408,6625
24624408,6626
24629408,6626
24634408,6625
24639408,6626
24644412,6626
24649412,6626
24654412,6626
24659412,6627
24664412,6625
24669412,6626
24674412,6626
24679412,6626
24684412,6627
24689412,6626
24694412,6626
24699412,6626
24704412,6627
24709412,6626
24714412,6627
24719412,6625
24724412,6626
24729412,6626
24734412,6626
24739412,6626
24744412,6626
24749412,6626
24754412,6626
24759412,6626
24764412,6626
24769412,6626
24774416,6627
24779420,6627
24784420,6626
24789420,6626
24794420,6626
24799420,6627
24804420,6625
24809420,6626
24814420,6626
24819420,6626
24824420,6626
24829420,6626
24834420,6626
24839420,6626
24844420,6626
24849420,6627
24854420,6626
24859420,6626
24864420,6626
24869420,6625
24874420,6626
24879420,6626
24884420,6625
24889420,6626
24894424,6625
24899428,6626
24904428,6626
24909428,6626
24914428,6627
24919428,6626
24924428,6626
24929428,6625
24934428,6627
24939428,6628
24944428,6625
24949428,6627
24954428,6627
24959428,6628
24964428,6627
24969428,6626
24974428,6626
24979428,6627
24984428,6627
24989428,6627
24994432,6627
24999432,6627
25004432,6626
25009432,6625
25014432,6626
25019432,6627
25024432,6626
25029432,6626
25034432,6626
25039432,6627
25044432,6627
25049432,6626
25054432,6627
25059432,6626
25064432,6626
25069432,6626
25074432,6626
25079432,6627
25084432,6627
25089432,6627
25094432,6626
25099432,6627
25104432,6627
25109432,6626
25114432,6627
25119436,6626
25124436,6627
25129436,6627
25134436,6628
25139436,6626
25144436,6627
25149436,6627
25154436,6627
25159440,6627
25164440,6627
25169440,6627
25174444,6626
25179448,6627
25184448,6627
25189448,6628
25194448,6627
25199448,6628
25204448,6627
25209448,6627
25214448,6628
25219448,6628
25224448,6627
25229452,6627
25234452,6626
25239452,6627
25244452,6627
25249452,6627
25254456,6627
25259456,6627
25264456,6626
25269456,6627
25274460,6628
25279460,6628
25284460,6627
25289460,6628
25294460,6628
25299460,6627
25304464,6627
25309464,6627
25314464,6628
25319464,6627
25324464,6627
25329464,6627
25334464,6628
25339464,6628
25344464,6627
25349464,6628
25354464,6628
25359468,6628
25364472,6628
25369472,6627
25374476,6627
25379476,6628
25384476,6628
25389476,6628
25394480,6627
25399484,6628
25404484,6627
25409484,6627
25414484,6628
25419484,6628
25424484,6628
25429484,6628
25434488,6628
25439488,6628
25444488,6627
25449488,6627
25454488,6628
25459492,6629
25464492,6628
25469492,6628
25474496,6628
25479496,6628
25484496,6627
25489500,6627
25494500,6627
25499500,6628
25504500,6628
25509500,6628
25514500,6629
25519500,6628
25524500,6628
25529500,6627
25534500,6628
25539500,6629
25544500,6627
25549500,6628
25554500,6629
25559500,6629
25564500,6628
25569500,6629
25574500,6629
25579500,6628
25584504,6628
25589504,6628
25594504,6628
25599504,6628
25604504,6628
25609504,6627
25614504,6628
25619504,6629
25624508,6628
25629508,6628
25634508,6629
25639512,6630
25644512,6629
25649512,6628
25654512,6630
25659512,6629
25664516,6628
25669516,6629
25674516,6629
25679516,6629
25684516,6628
25689520,6629
25694520,6629
25699520,6629
25704524,6629
25709524,6627
25714524,6630
25719524,6629
25724524,6629
25729524,6629
25734524,6629
25739524,6629
25744524,6629
25749524,6629
25754524,6629
25759524,6629
25764524,6628
25769524,6628
25774524,6629
25779524,6629
25784524,6628
25789524,6629
25794528,6628
25799528,6629
25804528,6629
25809532,6629
25814536,6629
25819536,6629
25824536,6629
25829540,6628
25834544,6630
25839544,6630
25844544,6629
25849544,6629
25854544,6630
25859544,6629
25864544,6629
25869544,6629
25874544,6629
25879548,6629
25884548,6629
25889548,6630
25894548,6629
25899548,6630
25904548,6629
25909548,6630
25914548,6629
25919548,6630
25924548,6628
25929548,6629
25934548,6629
25939548,6630
25944548,6629
25949548,6630
25954548,6628
25959548,6630
25964552,6629
25969556,6629
25974556,6629
25979556,6629
25984556,6629
25989556,6629
25994556,6630
25999556,6630
26004556,6629
26009560,6629
26014560,6629
26019560,6630
26024560,6630
26029560,6629
26034560,6630
26039560,6629
26044560,6629
26049560,6630
26054564,6630
26059564,6630
26064564,6630
26069564,6629
26074564,6630
26079564,6629
26084568,6629
26089568,6629
26094568,6630
26099568,6629
26104568,6629
26109568,6630
26114568,6630
26119568,6630
26124572,6630
26129576,6629
26134576,6630
26139576,6631
26144576,6629
26149576,6630
26154576,6631
26159580,6630
26164580,6630
26169580,6630
26174580,6630
26179584,6631
26184584,6630
26189588,6630
26194588,6630
26199588,6630
26204588,6629
26209588,6630
26214588,6631
26219588,6630
26224588,6630
26229588,6631
26234588,6630
26239592,6631
26244592,6630
26249592,6629
26254592,6631
26259592,6630
26264592,6630
26269592,6630
26274592,6630
26279596,6631
26284596,6630
26289600,6630
26294604,6630
26299604,6630
26304604,6630
26309604,6630
26314604,6631
26319604,6630
26324604,6630
26329604,6630
26334604,6630
26339604,6630
26344604,6630
26349604,6629
26354604,6631
26359604,6630
26364604,6631
26369604,6630
26374604,6630
26379608,6631
26384608,6629
26389612,6630
26394612,6630
26399612,6631
26404612,6629
26409612,6630
26414612,6630
26419616,6630
26424620,6630
26429620,6629
26434624,6631
26439624,6629
26444624,6630
26449624,6631
26454624,6631
26459624,6631
26464624,6630
26469624,6631
26474624,6632
26479624,6631
26484624,6630
26489624,6630
26494624,6632
26499624,6630
26504624,6631
26509624,6630
26514624,6631
26519624,6630
26524624,6630
26529624,6630
26534624,6630
26539624,6631
26544624,6630
26549624,6630
26554624,6630
26559624,6631
26564624,6630
26569624,6630
26574628,6632
26579628,6630
26584628,6630
26589628,6631
26594628,6631
26599628,6630
26604628,6630
26609628,6631
26614628,6631
26619628,6631
26624628,6631
26629628,6631
26634632,6631
26639632,6631
26644632,6630
26649632,6630
26654632,6631
26659636,6631
26664640,6630
26669640,6631
26674640,6631
26679640,6631
26684640,6631
26689640,6631
26694644,6631
26699644,6631
26704644,6631
26709644,6631
26714644,6631
26719644,6631
26724648,6631
26729648,6631
26734648,6632
26739648,6631
26744648,6631
26749652,6632
26754652,6630
26759652,6631
26764652,6630
26769656,6631
26774656,6631
26779660,6630
26784660,6632
26789660,6632
26794660,6632
26799660,6631
26804660,6631
26809660,6631
26814664,6631
26819664,6631
26824664,6632
26829664,6631
26834664,6631
26839664,6631
26844664,6631
26849668,6632
26854668,6632
26859668,6632
26864668,6631
26869672,6632
26874672,6631
26879672,6631
26884672,6632
26889672,6631
26894672,6632
26899672,6631
26904672,6631
26909672,6632
26914672,6632
26919672,6631
26924672,6630
26929672,6631
26934672,6632
26939672,6632
26944672,6631
26949672,6632
26954672,6631
26959672,6632
26964672,6631
26969672,6632
26974672,6632
26979672,6632
26984672,6631
26989672,6632
26994672,6633
26999672,6632
27004672,6631
27009672,6632
27014672,6632
27019672,6632
27024672,6631
27029672,6632
27034672,6631
27039672,6631
27044672,6632
27049672,6632
27054676,6632
27059676,6631
27064680,6632
27069684,6632
27074684,6632
27079688,6631
27084688,6631
27089688,6632
27094688,6631
27099688,6632
27104688,6632
27109688,6631
27114688,6632
27119688,6632
27124692,6632
27129692,6632
27134692,6633
27139692,6631
27144692,6632
27149692,6633
27154692,6631
27159692,6631
27164692,6632
27169692,6632
27174692,6632
27179692,6631
27184696,6632
27189700,6632
27194700,6632
27199700,6633
27204700,6631
27209700,6631
27214700,6632
27219700,6632
27224700,6632
27229704,6631
27234708,6632
27239708,6632
27244712,6632
27249712,6632
27254712,6632
27259712,6632
27264712,6631
27269712,6632
27274712,6632
27279712,6633
27284712,6633
27289712,6631
27294712,6633
27299712,6633
27304712,6631
27309712,6633
27314712,6632
27319712,6632
27324712,6632
27329712,6632
27334712,6633
27339716,6632
27344720,6631
27349720,6633
27354724,6632
27359724,6632
27364724,6632
27369724,6632
27374724,6632
27379724,6633
27384724,6632
27389724,6634
27394728,6633
27399728,6632
27404728,6632
27409728,6633
27414728,6632
27419728,6632
27424732,6632
27429736,6633
27434736,6633
27439736,6632
27444740,6632
27449740,6632
27454744,6632
27459744,6632
27464744,6632
27469744,6632
27474744,6633
27479744,6632
27484744,6632
27489744,6632
27494744,6633
27499748,6632
27504748,6633
27509748,6631
27514752,6633
27519752,6632
27524756,6632
27529756,6633
27534756,6633
27539756,6632
27544756,6633
27549756,6633
27554756,6632
27559756,6632
27564756,6632
27569756,6633
27574756,6633
27579756,6632
27584756,6630
27589756,6632
27594760,6632
27599760,6633
27604760,6632
27609760,6633
27614760,6632
27619760,6633
27624760,6633
27629760,6633
27634760,6632
27639764,6633
27644764,6632
27649764,6633
27654764,6632
27659764,6632
27664764,6632
27669764,6632
27674764,6633
27679764,6632
27684764,6632
27689764,6632
27694764,6633
27699764,6633
27704764,6632
27709764,6632
27714764,6632
27719764,6632
27724764,6632
27729768,6633
27734772,6633
27739772,6633
27744776,6632
27749776,6632
27754776,6633
27759776,6633
27764776,6632
27769776,6633
27774776,6633
27779776,6632
27784780,6633
27789780,6632
27794780,6634
27799780,6633
27804780,6632
27809780,6633
27814780,6633
27819780,6633
27824780,6632
27829780,6632
27834780,6632
27839780,6633
27844780,6632
27849780,6632
27854780,6633
27859780,6633
27864784,6632
27869788,6632
27874792,6633
27879792,6632
27884792,6632
27889792,6633
27894796,6632
27899796,6633
27904800,6633
27909800,6633
27914800,6632
27919800,6632
27924800,6633
27929800,6633
27934800,6632
27939800,6633
27944804,6632
27949804,6633
27954804,6633
27959804,6632
27964804,6632
27969804,6632
27974804,6632
27979804,6633
27984808,6632
27989808,6633
27994808,6633
27999808,6633
28004808,6632
28009808,6631
28014812,6633
28019816,6632
28024816,6632
28029816,6633
28034816,6633
28039816,6632
28044816,6633
28049816,6633
28054816,6633
28059816,6633
28064816,6632
28069820,6633
28074820,6633
28079820,6633
28084820,6633
28089820,6633
28094824,6633
28099824,6633
28104824,6632
28109832,6633
28114836,6633
28119836,6632
28124836,6632
28129836,6633
28134836,6632
28139836,6633
28144836,6632
28149836,6632
28154836,6633
28159836,6633
28164836,6632
28169836,6634
28174836,6633
28179836,6633
28184836,6633
28189836,6633
28194836,6633
28199836,6632
28204836,6633
28209836,6632
28214840,6633
28219840,6633
28224840,6633
28229840,6633
28234840,6633
28239840,6633
28244840,6632
28249840,6632
28254840,6634
28259844,6632
28264844,6632
28269844,6633
28274844,6633
28279844,6632
28284844,6632
28289844,6632
28294848,6633
28299848,6633
28304848,6632
28309848,6633
28314852,6633
28319852,6633
28324852,6633
28329852,6632
28334852,6632
28339852,6633
28344856,6633
28349856,6633
28354856,6633
28359856,6632
28364856,6633
28369856,6633
28374856,6633
28379856,6633
28384856,6632
28389856,6633
28394856,6632
28399856,6632
28404856,6633
28409864,6633
28414868,6633
28419868,6632
28424868,6631
28429868,6633
28434868,6632
28439868,6633
28444868,6632
28449868,6633
28454868,6633
28459868,6633
28464868,6633
28469868,6632
28474868,6634
28479868,6632
28484868,6632
28489868,6633
28494868,6633
28499868,6633
28504868,6633
28509868,6633
28514868,6632
28519868,6632
28524872,6633
28529872,6632
28534872,6634
28539872,6633
28544872,6633
28549872,6633
28554876,6634
28559876,6633
28564876,6632
28569876,6633
28574876,6633
28579876,6633
28584876,6633
28589876,6633
28594876,6633
28599876,6633
28604876,6632
28609876,6633
28614876,6633
28619876,6633
28624876,6633
28629876,6633
28634876,6633
28639876,6633
28644876,6633
28649876,6633
28654876,6634
28659876,6632
28664880,6633
28669880,6633
28674880,6633
28679880,6632
28684880,6633
28689880,6632
28694884,6633
28699884,6633
28704888,6632
28709896,6633
28714896,6634
28719896,6633
28724896,6633
28729896,6634
28734896,6633
28739896,6633
28744896,6632
28749896,6633
28754896,6634
28759896,6634
28764896,6632
28769896,6633
28774896,6633
28779896,6633
28784896,6633
28789896,6633
28794896,6633
28799896,6633
28804900,6633
28809904,6633
28814904,6634
28819904,6634
28824908,6632
28829912,6633
28834912,6633
28839912,6633
28844912,6633
28849912,6633
28854912,6633
28859912,6632
28864916,6632
28869916,6633
28874916,6633
28879916,6632
28884916,6633
28889916,6634
28894916,6632
28899920,6633
28904920,6633
28909920,6633
28914920,6634
28919920,6632
28924920,6633
28929920,6633
28934920,6632
28939920,6633
28944920,6631
28949924,6633
28954924,6632
28959924,6632
28964924,6633
28969924,6633
28974924,6633
28979924,6634
28984924,6633
28989928,6633
28994928,6633
28999928,6632
29004928,6632
29009928,6633
29014928,6634
29019928,6633
29024932,6632
29029932,6633
29034932,6634
29039936,6633
29044936,6633
29049936,6633
29054936,6634
29059936,6632
29064936,6633
29069936,6634
29074936,6633
29079936,6632
29084936,6633
29089936,6634
29094936,6633
29099940,6633
29104940,6632
29109940,6633
29114940,6634
29119940,6633
29124940,6633
29129940,6634
29134940,6633
29139940,6633
29144940,6634
29149940,6633
29154940,6633
29159940,6632
29164940,6633
29169944,6633
29174948,6633
29179948,6633
29184948,6633
29189948,6634
29194948,6633
29199948,6633
29204948,6633
29209948,6634
29214952,6633
29219952,6633
29224952,6633
29229956,6633
29234956,6634
29239956,6632
29244956,6632
29249956,6633
29254956,6633
29259956,6633
29264956,6632
29269956,6633
29274960,6633
29279964,6632
29284964,6633
29289964,6634
29294964,6634
29299964,6632
29304964,6633
29309964,6633
29314964,6633
29319964,6631
29324968,6632
29329968,6633
29334968,6634
29339972,6632
29344976,6632
29349976,6633
29354976,6633
29359976,6632
29364976,6633
29369976,6633
29374980,6634
29379980,6633
29384980,6633
29389980,6633
29394980,6633
29399980,6634
29404980,6633
29409980,6633
29414980,6633
29419980,6634
29424980,6633
29429980,6633
29434980,6633
29439980,6633
29444980,6633
29449980,6634
29454980,6633
29459984,6633
29464984,6633
29469984,6632
29474984,6633
29479984,6634
29484984,6634
29489984,6633
29494984,6633
29499984,6633
29504984,6632
29509984,6633
29514984,6632
29519984,6633
29524984,6633
29529988,6634
29534988,6633
29539988,6632
29544988,6633
29549992,6634
29554992,6633
29559992,6633
29564992,6634
29569992,6632
29574992,6634
29579992,6632
29584992,6633
29589992,6633
29594992,6633
29599992,6633
29604992,6632
29609992,6633
29614992,6634
29619992,6634
29624992,6633
29629992,6633
29634992,6633
29639992,6633
29644992,6632
29649992,6633
29654992,6634
29659996,6633
29664996,6634
29669996,6633
29674996,6634
29679996,6633
29684996,6633
29689996,6633
29694996,6633
29699996,6633
29704996,6633
29709996,6633
29714996,6633
29719996,6633
29724996,6632
29729996,6634
29734996,6633
29739996,6633
29745000,6633
29750004,6634
29755008,6633
29760008,6633
29765008,6633
29770012,6633
29775012,6633
29780012,6634
29785012,6633
29790012,6634
29795012,6633
29800012,6633
29805012,6633
29810012,6633
29815012,6632
29820012,6634
29825012,6633
29830012,6633
29835012,6634
29840016,6633
29845016,6633
29850016,6634
29855016,6634
29860016,6633
29865016,6632
29870016,6634
29875016,6633
29880016,6634
29885016,6633
29890020,6634
29895020,6633
29900020,6633
29905020,6634
29910024,6633
29915024,6634
29920024,6633
29925024,6634
29930024,6633
29935024,6633
29940028,6632
29945028,6633
29950028,6633
29955028,6633
29960032,6634
29965036,6633
29970040,6633
29975040,6632
29980040,6633
29985040,6633
29990044,6634
29995044,6633
30000044,6633
30005044,6633
30010044,6634
30015044,6634
30020044,6633
30025044,6633
30030044,6633
30035044,6633
30040044,6633
30045044,6633
30050044,6634
30055044,6633
30060048,6633
30065048,6633
30070048,6634
30075048,6633
30080048,6633
30085048,6633
30090048,6634
30095048,6634
30100048,6633
30105048,6633
30110048,6634
30115048,6634
30120048,6633
30125048,6633
30130048,6633
30135048,6633
30140048,6632
30145052,6633
30150056,6634
30155056,6633
30160056,6633
30165056,6632
30170056,6633
30175056,6634
30180056,6632
30185056,6634
30190060,6634
30195060,6634
30200060,6633
30205060,6634
30210060,6634
30215060,6633
30220060,6633
30225060,6633
30230060,6633
30235060,6633
30240060,6634
30245060,6633
30250060,6633
30255060,6633
30260060,6633
30265064,6633
30270064,6633
30275068,6634
30280068,6633
30285072,6634
30290072,6634
30295072,6633
30300072,6634
30305072,6633
30310072,6633
30315076,6633
30320076,6633
30325076,6633
30330076,6634
30335076,6633
30340076,6633
30345076,6633
30350076,6633
30355076,6635
30360076,6633
30365076,6633
30370076,6633
30375076,6634
30380076,6633
30385076,6634
30390076,6634
30395076,6634
30400076,6634
30405076,6633
30410076,6633
30415076,6635
30420076,6633
30425076,6634
30430076,6633
30435080,6634
30440084,6634
30445084,6634
30450088,6634
30455088,6632
30460092,6633
30465092,6633
30470092,6633
30475092,6633
30480092,6633
30485092,6633
30490092,6633
30495092,6633
30500092,6633
30505096,6633
30510096,6634
30515096,6633
30520096,6634
30525100,6633
30530100,6634
30535100,6633
30540100,6634
30545104,6634
30550104,6634
30555104,6633
30560104,6633
30565104,6634
30570104,6634
30575108,6634
30580108,6633
30585108,6632
30590108,6635
30595108,6634
30600108,6633
30605108,6633
30610108,6633
30615108,6633
30620108,6633
30625108,6633
30630108,6634
30635108,6634
30640108,6633
30645108,6633
30650108,6634
30655108,6634
30660108,6633
30665108,6634
30670108,6633
30675108,6633
30680108,6632
30685108,6632
30690108,6634
30695108,6634
30700108,6634
30705108,6632
30710108,6633
30715108,6634
30720108,6632
30725108,6634
30730108,6634
30735108,6633
30740108,6633
30745108,6632
30750108,6634
30755108,6634
30760108,6634
30765108,6632
30770108,6633
30775108,6634
30780108,6632
30785108,6634
30790108,6634
30795108,6633
30800108,6633
30805108,6634
30810112,6633
30815116,6633
30820116,6634
30825116,6633
30830116,6633
30835116,6633
30840116,6633
30845116,6633
30850116,6634
30855116,6633
30860116,6634
30865116,6633
30870116,6634
30875116,6633
30880116,6633
30885120,6633
30890120,6633
30895120,6634
30900120,6633
30905120,6633
30910120,6634
30915120,6634
30920120,6633
30925120,6634
30930124,6633
30935128,6634
30940128,6633
30945128,6634
30950128,6633
30955128,6634
30960128,6633
30965128,6633
30970128,6633
30975128,6634
30980128,6633
30985128,6633
30990128,6634
30995132,6633
31000132,6633
31005132,6633
31010132,6635
31015132,6634
31020132,6634
31025132,6633
31030132,6634
31035132,6633
31040132,6633
31045132,6633
31050132,6634
31055132,6634
31060132,6633
31065136,6634
31070136,6634
31075136,6634
31080136,6634
31085136,6633
31090136,6633
31095136,6634
31100136,6633
31105136,6633
31110136,6633
31115136,6633
31120136,6633
31125136,6633
31130136,6634
31135136,6634
31140136,6633
31145136,6633
31150136,6633
31155140,6633
31160140,6633
31165140,6633
31170140,6633
31175140,6634
31180140,6633
31185140,6633
31190140,6634
31195144,6633
31200144,6633
31205144,6632
31210144,6633
31215144,6633
31220148,6633
31225148,6633
31230148,6632
31235148,6633
31240148,6633
31245148,6634
31250148,6633
31255148,6633
31260148,6633
31265148,6633
31270148,6633
31275148,6633
31280148,6633
31285152,6634
31290152,6633
31295156,6633
31300160,6633
31305160,6633
31310160,6633
31315160,6634
31320160,6634
31325160,6633
31330160,6633
31335160,6634
31340160,6632
31345164,6632
31350164,6634
31355164,6634
31360164,6633
31365164,6633
31370164,6633
31375164,6634
31380164,6633
31385164,6633
31390164,6633
31395164,6634
31400164,6633
31405164,6633
31410164,6633
31415164,6634
31420164,6634
31425164,6633
31430164,6633
31435164,6633
31440164,6634
31445164,6634
31450164,6633
31455168,6634
31460168,6632
31465168,6633
31470168,6634
31475168,6633
31480168,6633
31485168,6634
31490168,6634
31495176,6634
31500176,6633
31505176,6634
31510176,6633
31515180,6633
31520180,6633
31525180,6633
31530180,6634
31535180,6634
31540180,6633
31545180,6634
31550180,6634
31555180,6633
31560180,6632
31565180,6634
31570180,6633
31575180,6633
31580180,6633
31585180,6633
31590180,6633
31595180,6634
31600180,6634
31605180,6634
31610184,6634
31615184,6632
31620184,6632
31625184,6634
31630184,6633
31635184,6634
31640184,6632
31645188,6633
31650192,6633
31655192,6633
31660192,6632
31665192,6633
31670192,6633
31675192,6634
31680192,6634
31685192,6633
31690192,6633
31695192,6633
31700192,6632
31705192,6633
31710192,6633
31715192,6633
31720192,6634
31725192,6633
31730192,6634
31735192,6632
31740192,6633
31745192,6632
31750192,6633
31755192,6633
31760192,6633
31765192,6634
31770196,6632
31775196,6632
31780196,6633
31785196,6633
31790200,6634
31795208,6633
31800208,6634
31805208,6633
31810208,6634
31815208,6633
31820208,6633
31825208,6633
31830208,6633
31835208,6634
31840208,6633
31845208,6633
31850208,6633
31855208,6633
31860208,6633
31865208,6633
31870208,6633
31875208,6633
31880208,6633
31885208,6634
31890208,6633
31895208,6634
31900208,6634
31905208,6633
31910208,6633
31915208,6632
31920208,6632
31925208,6633
31930208,6634
31935208,6633
31940208,6633
31945212,6633
31950212,6634
31955216,6633
31960220,6633
31965220,6633
31970220,6633
31975220,6634
31980220,6633
31985220,6633
31990220,6633
31995224,6634
32000224,6632
32005224,6633
32010224,6634
32015224,6633
32020224,6632
32025224,6633
32030224,6633
32035224,6633
32040224,6633
32045224,6633
32050224,6633
32055224,6633
32060228,6633
32065228,6633
32070232,6632
32075232,6633
32080232,6632
32085232,6633
32090236,6634
32095240,6633
32100244,6632
32105244,6634
32110244,6633
32115244,6633
32120244,6632
32125244,6633
32130244,6632
32135244,6633
32140244,6633
32145244,6633
32150244,6634
32155244,6633
32160244,6633
32165244,6634
32170244,6633
32175244,6633
32180244,6633
32185244,6633
32190244,6633
32195248,6633
32200248,6633
32205248,6633
32210248,6634
32215252,6633
32220256,6633
32225256,6633
32230256,6632
32235256,6633
32240256,6633
32245256,6633
32250260,6633
32255260,6633
32260260,6633
32265260,6633
32270260,6634
32275260,6634
32280260,6633
32285260,6634
32290260,6633
32295260,6632
32300260,6632
32305260,6633
32310260,6633
32315260,6632
32320260,6633
32325260,6633
32330260,6633
32335260,6633
32340260,6633
32345260,6633
32350260,6632
32355260,6633
32360260,6633
32365260,6633
32370260,6633
32375260,6633
32380260,6633
32385260,6633
32390260,6633
32395260,6634
32400260,6632
32405260,6633
32410260,6633
32415260,6633
32420260,6633
32425260,6633
32430260,6633
32435260,6633
32440264,6633
32445264,6633
32450264,6633
32455264,6634
32460264,6632
32465264,6632
32470264,6633
32475264,6633
32480264,6632
32485264,6633
32490264,6632
32495264,6632
32500264,6632
32505264,6633
32510264,6633
32515268,6632
32520268,6632
32525272,6633
32530272,6633
32535272,6632
32540272,6632
32545272,6632
32550272,6633
32555276,6632
32560276,6631
32565276,6633
32570276,6633
32575280,6632
32580280,6633
32585284,6633
32590284,6632
32595284,6633
32600284,6632
32605284,6632
32610284,6632
32615284,6632
32620284,6632
32625284,6634
32630284,6632
32635284,6633
32640284,6632
32645284,6633
32650284,6632
32655288,6632
32660288,6633
32665288,6632
32670288,6633
32675288,6632
32680292,6632
32685292,6632
32690296,6633
32695304,6632
32700304,6633
32705304,6632
32710304,6633
32715304,6633
32720304,6631
32725304,6632
32730308,6633
32735308,6632
32740308,6632
32745308,6632
32750308,6633
32755312,6632
32760312,6632
32765316,6632
32770316,6633
32775316,6633
32780316,6632
32785320,6632
32790324,6632
32795324,6632
32800324,6632
32805324,6633
32810324,6632
32815324,6632
32820324,6633
32825324,6633
32830324,6633
32835328,6633
32840328,6631
32845328,6633
32850328,6633
32855328,6632
32860328,6632
32865328,6632
32870332,6633
32875332,6633
32880336,6632
32885336,6633
32890340,6632
32895340,6633
32900340,6632
32905344,6631
32910344,6633
32915344,6633
32920344,6632
32925344,6632
32930344,6633
32935344,6632
32940344,6632
32945344,6632
32950348,6632
32955352,6633
32960352,6632
32965352,6632
32970352,6633
32975352,6632
32980352,6633
32985352,6632
32990352,6633
32995352,6631
33000352,6631
33005352,6632
33010352,6633
33015352,6632
33020352,6632
33025352,6632
33030352,6633
33035352,6632
33040356,6632
33045356,6632
33050356,6633
33055356,6632
33060360,6632
33065360,6633
33070360,6633
33075364,6632
33080368,6631
33085368,6632
33090368,6632
33095368,6632
33100368,6632
33105368,6632
33110368,6633
33115368,6631
33120368,6632
33125368,6632
33130368,6633
33135368,6631
33140368,6632
33145368,6632
33150368,6632
33155368,6632
33160368,6631
33165368,6632
33170368,6633
33175368,6632
33180368,6632
33185372,6632
33190372,6632
33195372,6633
33200372,6631
33205372,6633
33210376,6632
33215376,6632
33220376,6632
33225376,6633
33230376,6633
33235376,6632
33240376,6632
33245376,6632
33250376,6632
33255380,6632
33260384,6632
33265384,6632
33270384,6632
33275388,6632
33280388,6631
33285388,6632
33290388,6632
33295388,6632
33300388,6632
33305392,6632
33310392,6632
33315396,6632
33320400,6632
33325400,6632
33330400,6631
33335400,6630
33340400,6632
33345400,6632
33350400,6632
33355404,6631
33360404,6631
33365408,6631
33370408,6633
33375408,6631
33380408,6631
33385412,6633
33390412,6632
33395412,6631
33400412,6632
33405412,6633
33410412,6632
33415412,6632
33420412,6632
33425416,6631
33430416,6632
33435416,6632
33440416,6631
33445416,6632
33450416,6632
33455416,6632
33460416,6630
33465416,6632
33470416,6632
33475416,6632
33480416,6633
33485416,6631
33490420,6633
33495420,6632
33500420,6631
33505420,6632
33510420,6632
33515420,6632
33520420,6631
33525424,6632
33530424,6632
33535424,6632
33540424,6631
33545424,6632
33550424,6631
33555424,6631
33560424,6631
33565424,6632
33570428,6633
33575432,6632
33580432,6631
33585432,6631
33590432,6632
33595436,6632
33600436,6631
33605436,6632
33610436,6632
33615436,6631
33620436,6632
33625436,6632
33630436,6631
33635440,6631
33640440,6631
33645440,6632
33650440,6632
33655440,6631
33660440,6631
33665440,6633
33670444,6632
33675448,6632
33680448,6631
33685448,6632
33690448,6632
33695448,6631
33700448,6632
33705448,6631
33710448,6633
33715448,6632
33720448,6631
33725448,6632
33730448,6633
33735448,6632
33740448,6631
33745448,6632
33750448,6631
33755448,6631
33760448,6631
33765448,6631
33770448,6631
33775448,6632
33780448,6632
33785448,6631
33790448,6631
33795448,6631
33800448,6631
33805448,6631
33810448,6631
33815448,6630
33820448,6631
33825448,6632
33830448,6632
33835448,6632
33840448,6631
33845448,6632
33850448,6632
33855448,6631
33860448,6632
33865448,6631
33870448,6632
33875448,6632
33880448,6631
33885448,6631
33890448,6631
33895448,6631
33900448,6631
33905452,6631
33910456,6631
33915460,6631
33920460,6631
33925464,6633
33930464,6631
33935464,6631
33940464,6631
33945464,6631
33950464,6632
33955464,6631
33960464,6631
33965468,6631
33970468,6631
33975468,6631
33980468,6631
33985468,6631
33990468,6631
33995468,6631
34000468,6632
34005472,6631
34010476,6632
34015476,6631
34020476,6631
34025480,6631
34030484,6632
34035484,6632
34040484,6631
34045484,6631
34050484,6632
34055484,6630
34060484,6631
34065484,6631
34070488,6631
34075492,6630
34080492,6631
34085492,6631
34090492,6631
34095492,6631
34100492,6632
34105492,6632
34110492,6631
34115496,6631
34120496,6632
34125500,6631
34130500,6631
34135500,6631
34140500,6630
34145504,6632
34150504,6631
34155504,6631
34160508,6632
34165508,6631
34170508,6632
34175508,6631
34180508,6631
34185508,6631
34190508,6632
34195508,6631
34200508,6632
34205508,6631
34210508,6631
34215508,6632
34220508,6630
34225508,6631
34230508,6631
34235512,6631
34240520,6631
34245520,6632
34250520,6632
34255520,6631
34260520,6631
34265520,6631
34270520,6631
34275520,6630
34280520,6631
34285520,6632
34290520,6631
34295520,6631
34300520,6631
34305520,6631
34310520,6631
34315520,6631
34320520,6631
34325524,6632
34330524,6631
34335524,6630
34340524,6632
34345524,6631
34350524,6632
34355524,6631
34360524,6631
34365524,6632
34370524,6632
34375524,6631
34380528,6632
34385528,6631
34390528,6631
34395532,6631
34400532,6631
34405532,6632
34410536,6631
34415536,6630
34420536,6631
34425536,6630
34430536,6631
34435536,6631
34440536,6631
34445536,6631
34450540,6631
34455540,6631
34460544,6631
34465544,6631
34470544,6631
34475544,6631
34480544,6631
34485544,6631
34490544,6630
34495544,6631
34500548,6631
34505552,6632
34510552,6631
34515556,6631
34520556,6631
34525556,6631
34530556,6631
34535560,6630
34540564,6631
34545564,6630
34550564,6631
34555564,6631
34560568,6630
34565568,6631
34570572,6631
34575572,6631
34580572,6631
34585572,6630
34590572,6630
34595572,6630
34600572,6632
34605576,6631
34610580,6630
34615580,6631
34620580,6629
34625580,6631
34630580,6631
34635580,6631
34640580,6632
34645580,6631
34650580,6632
34655580,6631
34660580,6631
34665580,6631
34670580,6630
34675580,6631
34680580,6632
34685580,6631
34690580,6631
34695580,6631
34700580,6630
34705580,6631
34710580,6630
34715580,6630
34720580,6631
34725584,6631
34730584,6630
34735588,6631
34740588,6630
34745588,6631
34750588,6631
34755592,6631
34760592,6631
34765592,6631
34770592,6631
34775592,6630
34780592,6631
34785592,6630
34790592,6630
34795592,6631
34800592,6630
34805596,6631
34810600,6631
34815600,6630
34820600,6631
34825600,6631
34830600,6630
34835600,6631
34840600,6629
34845600,6630
34850600,6631
34855600,6630
34860600,6631
34865600,6631
34870600,6630
34875600,6630
34880600,6630
34885600,6631
34890600,6630
34895600,6631
34900600,6630
34905600,6630
34910600,6631
34915600,6631
34920600,6630
34925600,6630
34930600,6631
34935600,6631
34940604,6631
34945604,6632
34950604,6630
34955604,6631
34960604,6630
34965608,6631
34970608,6631
34975608,6629
34980608,6630
34985608,6630
34990608,6631
34995612,6631
35000612,6630
35005612,6632
35010612,6632
35015612,6631
35020616,6629
35025616,6631
35030616,6631
35035616,6630
35040616,6630
35045616,6631
35050616,6631
35055624,6631
35060624,6630
35065624,6631
35070624,6631
35075628,6630
35080628,6631
35085628,6630
35090628,6631
35095628,6630
35100628,6629
35105628,6631
35110628,6630
35115632,6631
35120636,6631
35125640,6630
35130640,6631
35135640,6631
35140640,6630
35145640,6630
35150640,6630
35155640,6630
35160640,6630
35165640,6630
35170640,6631
35175640,6630
35180640,6630
35185640,6631
35190640,6631
35195640,6630
35200640,6631
35205640,6630
35210640,6630
35215644,6631
35220644,6630
35225648,6631
35230652,6632
35235652,6631
35240652,6629
35245652,6631
35250652,6631
35255652,6631
35260652,6629
35265652,6631
35270652,6630
35275652,6629
35280652,6630
35285652,6631
35290652,6631
35295652,6631
35300652,6631
35305652,6631
35310652,6630
35315652,6630
35320656,6631
35325656,6631
35330656,6631
35335656,6629
35340656,6630
35345656,6631
35350656,6630
35355656,6630
35360656,6629
35365656,6631
35370656,6631
35375656,6631
35380656,6629
35385656,6630
35390656,6631
35395656,6629
35400656,6630
35405656,6631
35410656,6630
35415656,6630
35420656,6631
35425656,6631
35430656,6631
35435656,6629
35440656,6631
35445656,6630
35450656,6630
35455656,6631
35460656,6630
35465656,6630
35470656,6630
35475656,6630
35480656,6629
35485656,6630
35490656,6631
35495656,6630
35500656,6630
35505656,6631
35510656,6631
35515656,6629
35520656,6630
35525656,6630
35530656,6630
35535656,6631
35540656,6630
35545660,6630
35550664,6630
35555664,6630
35560664,6630
35565664,6630
35570664,6630
35575664,6630
35580664,6630
35585664,6630
35590664,6631
35595664,6630
35600664,6629
35605668,6629
35610672,6630
35615676,6630
35620676,6630
35625676,6630
35630676,6630
35635676,6630
35640676,6630
35645676,6631
35650676,6630
35655680,6630
35660680,6631
35665680,6631
35670680,6630
35675684,6630
35680688,6631
35685688,6630
35690688,6631
35695688,6629
35700688,6631
35705688,6631
35710688,6630
35715688,6628
35720688,6631
35725688,6630
35730688,6631
35735688,6630
35740692,6630
35745692,6630
35750692,6630
35755692,6630
35760696,6631
35765696,6630
35770696,6630
35775696,6630
35780696,6631
35785696,6630
35790696,6630
35795696,6631
35800696,6630
35805696,6630
35810696,6629
35815696,6630
35820696,6630
35825700,6631
35830700,6632
35835700,6630
35840700,6630
35845700,6630
35850704,6630
35855704,6630
35860704,6630
35865708,6631
35870708,6630
35875708,6629
35880708,6631
35885708,6631
35890708,6630
35895708,6630
35900708,6630
35905708,6630
35910708,6630
35915708,6629
35920708,6630
35925708,6629
35930712,6630
35935712,6629
35940712,6630
35945712,6631
35950716,6630
35955720,6629
35960724,6629
35965724,6630
35970724,6630
35975724,6629
35980724,6630
35985724,6629
35990724,6630
35995724,6629
36000724,6630
36005724,6630
36010724,6631
36015724,6629
36020724,6630
36025724,6630
36030724,6629
36035724,6629
36040724,6630
36045724,6630
36050724,6630
36055724,6630
36060724,6629
36065724,6630
36070724,6630
36075724,6630
36080724,6630
36085728,6630
36090728,6630
36095728,6630
36100732,6629
36105736,6630
36110736,6630
36115736,6630
36120736,6631
36125740,6631
36130740,6630
36135740,6628
36140740,6630
36145740,6630
36150740,6631
36155740,6630
36160740,6630
36165744,6630
36170744,6630
36175744,6629
36180744,6629
36185744,6630
36190744,6630
36195744,6629
36200744,6630
36205744,6631
36210744,6629
36215744,6630
36220744,6629
36225744,6630
36230744,6630
36235744,6630
36240744,6630
36245744,6630
36250744,6630
36255752,6630
36260752,6630
36265752,6630
36270752,6630
36275752,6629
36280752,6630
36285752,6630
36290752,6630
36295752,6629
36300752,6630
36305752,6631
36310756,6629
36315760,6629
36320764,6629
36325764,6629
36330764,6630
36335764,6629
36340764,6629
36345764,6630
36350768,6630
36355768,6629
36360772,6629
36365772,6630
36370772,6630
36375772,6630
36380772,6630
36385772,6630
36390772,6630
36395772,6629
36400772,6629
36405772,6630
36410772,6629
36415772,6629
36420772,6630
36425772,6631
36430772,6630
36435772,6629
36440776,6629
36445780,6630
36450780,6630
36455780,6630
36460780,6630
36465784,6629
36470792,6630
36475796,6628
36480796,6629
36485796,6629
36490796,6629
36495796,6630
36500796,6629
36505796,6630
36510796,6629
36515800,6630
36520800,6630
36525800,6630
36530804,6630
36535804,6629
36540804,6630
36545804,6629
36550804,6630
36555804,6629
36560804,6629
36565804,6630
36570808,6629
36575808,6630
36580808,6629
36585808,6629
36590808,6629
36595812,6628
36600812,6630
36605812,6629
36610812,6629
36615812,6629
36620812,6630
36625812,6630
36630812,6629
36635812,6629
36640816,6630
36645816,6630
36650816,6630
36655816,6629
36660816,6630
36665816,6628
36670816,6630
36675816,6629
36680816,6630
36685816,6629
36690816,6629
36695816,6629
36700816,6629
36705816,6630
36710816,6630
36715816,6630
36720816,6630
36725816,6629
36730820,6629
36735820,6629
36740820,6628
36745820,6630
36750820,6629
36755820,6630
36760824,6630
36765824,6630
36770824,6629
36775824,6629
36780824,6630
36785828,6629
36790828,6629
36795828,6629
36800828,6629
36805828,6631
36810828,6629
36815828,6629
36820828,6630
36825828,6629
36830828,6630
36835828,6629
36840828,6629
36845828,6629
36850828,6630
36855828,6629
36860828,6629
36865828,6629
36870828,6630
36875828,6629
36880828,6630
36885828,6631
36890828,6630
36895828,6629
36900832,6630
36905832,6630
36910832,6630
36915836,6629
36920840,6630
36925840,6630
36930840,6628
36935844,6630
36940844,6629
36945844,6630
36950844,6630
36955844,6630
36960844,6630
36965844,6630
36970844,6629
36975844,6629
36980844,6629
36985844,6630
36990844,6629
36995844,6628
37000848,6629
37005848,6629
37010852,6630
37015852,6629
37020852,6628
37025852,6630
37030852,6630
37035852,6630
37040852,6629
37045852,6630
37050852,6629
37055852,6630
37060852,6629
37065852,6630
37070856,6630
37075856,6629
37080856,6629
37085856,6629
37090856,6629
37095856,6629
37100856,6630
37105856,6629
37110856,6630
37115856,6629
37120856,6629
37125856,6629
37130856,6629
37135856,6629
37140856,6629
37145856,6630
37150856,6628
37155856,6629
37160856,6629
37165856,6629
37170856,6629
37175856,6629
37180856,6629
37185856,6631
37190856,6629
37195856,6628
37200856,6630
37205856,6629
37210856,6629
37215860,6628
37220860,6629
37225860,6629
37230860,6629
37235860,6628
37240864,6629
37245864,6629
37250868,6628
37255868,6629
37260868,6629
37265868,6629
37270868,6629
37275872,6629
37280872,6630
37285872,6630
37290876,6630
37295876,6629
37300880,6630
37305880,6628
37310880,6629
37315880,6628
37320880,6629
37325880,6630
37330884,6629
37335884,6629
37340884,6629
37345884,6630
37350888,6629
37355888,6628
37360888,6630
37365888,6629
37370888,6629
37375892,6629
37380892,6629
37385892,6629
37390892,6629
37395892,6629
37400892,6628
37405892,6629
37410892,6629
37415896,6628
37420896,6629
37425896,6629
37430896,6628
37435896,6629
37440896,6630
37445896,6629
37450896,6630
37455896,6628
37460896,6629
37465896,6629
37470896,6629
37475896,6628
37480896,6629
37485896,6629
37490896,6628
37495896,6629
37500896,6628
37505896,6629
37510896,6628
37515896,6629
37520900,6629
37525900,6629
37530900,6629
37535900,6629
37540900,6628
37545900,6628
37550900,6628
37555900,6629
37560900,6629
37565900,6628
37570900,6629
37575900,6629
37580900,6629
37585900,6629
37590900,6629
37595900,6629
37600900,6629
37605900,6630
37610900,6628
37615900,6629
37620900,6629
37625904,6629
37630904,6628
37635904,6628
37640904,6629
37645904,6629
37650904,6629
37655904,6628
37660904,6629
37665904,6629
37670904,6628
37675904,6628
37680904,6628
37685904,6629
37690904,6629
37695904,6629
37700904,6629
37705904,6629
37710904,6629
37715904,6628
37720904,6629
37725904,6629
37730904,6628
37735904,6628
37740904,6628
37745904,6629
37750904,6628
37755904,6630
37760904,6628
37765904,6629
37770904,6629
37775904,6628
37780904,6628
37785904,6628
37790904,6628
37795904,6628
37800904,6628
37805904,6627
37810904,6629
37815904,6629
37820908,6629
37825912,6629
37830912,6629
37835912,6628
37840912,6629
37845912,6629
37850912,6629
37855912,6629
37860912,6629
37865912,6629
37870912,6628
37875912,6629
37880912,6628
37885912,6629
37890912,6629
37895912,6628
37900912,6628
37905912,6629
37910916,6629
37915916,6628
37920916,6629
37925916,6629
37930916,6628
37935916,6628
37940916,6629
37945916,6628
37950920,6629
37955920,6628
37960920,6628
37965920,6629
37970920,6628
37975920,6628
37980920,6629
37985920,6628
37990924,6629
37995924,6628
38000924,6629
38005924,6629
38010928,6629
38015928,6628
38020928,6628
38025928,6629
38030932,6628
38035932,6628
38040932,6628
38045932,6630
38050932,6628
38055932,6629
38060936,6629
38065936,6629
38070936,6629
38075936,6628
38080936,6628
38085936,6628
38090936,6628
38095936,6629
38100936,6628
38105936,6629
38110936,6628
38115936,6628
38120936,6629
38125936,6629
38130936,6627
38135940,6627
38140944,6629
38145944,6628
38150944,6628
38155944,6628
38160948,6628
38165948,6628
38170948,6629
38175948,6628
38180948,6628
38185948,6629
38190948,6629
38195948,6629
38200948,6629
38205952,6629
38210952,6628
38215952,6628
38220952,6629
38225956,6628
38230956,6628
38235956,6628
38240960,6628
38245960,6629
38250960,6628
38255960,6628
38260960,6628
38265960,6627
38270960,6628
38275964,6628
38280964,6628
38285964,6628
38290964,6629
38295964,6628
38300964,6628
38305964,6628
38310964,6629
38315964,6628
38320968,6628
38325968,6628
38330968,6628
38335968,6628
38340968,6629
38345968,6628
38350968,6629
38355968,6627
38360968,6628
38365968,6628
38370968,6628
38375968,6629
38380968,6629
38385968,6628
38390968,6629
38395968,6628
38400968,6628
38405968,6629
38410968,6629
38415968,6628
38420972,6629
38425972,6628
38430972,6629
38435976,6628
38440980,6629
38445980,6628
38450980,6628
38455980,6629
38460984,6628
38465984,6628
38470988,6628
38475988,6628
38480988,6629
38485988,6629
38490988,6629
38495988,6628
38500988,6628
38505988,6629
38510988,6628
38515988,6628
38520988,6628
38525988,6628
38530988,6628
38535988,6628
38540988,6628
38545988,6628
38550992,6627
38555992,6627
38560992,6628
38565992,6628
38570992,6629
38575992,6628
38580992,6628
38585992,6628
38590992,6628
38595992,6628
38600992,6628
38605992,6628
38610992,6628
38615992,6627
38620992,6628
38625992,6629
38630992,6628
38635992,6628
38640992,6627
38645996,6628
38650996,6628
38655996,6628
38660996,6628
38666000,6628
38671000,6628
38676000,6629
38681000,6629
38686004,6628
38691008,6628
38696012,6628
38701012,6628
38706012,6628
38711012,6627
38716012,6627
38721012,6629
38726016,6628
38731016,6628
38736016,6628
38741020,6628
38746024,6628
38751024,6628
38756028,6628
38761028,6628
38766028,6628
38771032,6628
38776032,6628
38781036,6627
38786036,6629
38791036,6628
38796036,6626
38801036,6628
38806040,6627
38811040,6627
38816040,6628
38821040,6628
38826044,6628
38831044,6628
38836044,6628
38841044,6627
38846044,6628
38851044,6627
38856044,6627
38861044,6628
38866044,6628
38871048,6628
38876052,6628
38881052,6629
38886052,6629
38891052,6628
38896056,6628
38901060,6627
38906060,6628
38911060,6627
38916060,6628
38921064,6628
38926064,6628
38931064,6628
38936064,6628
38941064,6629
38946068,6628
38951072,6627
38956072,6628
38961072,6628
38966072,6628
38971072,6627
38976072,6627
38981076,6629
38986076,6628
38991076,6628
38996076,6628
39001076,6628
39006076,6627
39011076,6628
39016076,6627
39021076,6627
39026076,6628
39031076,6627
39036076,6628
39041076,6628
39046076,6628
39051076,6628
39056076,6628
39061080,6628
39066080,6629
39071084,6628
39076084,6628
39081084,6628
39086088,6628
39091088,6628
39096088,6628
39101088,6628
39106088,6628
39111088,6628
39116092,6627
39121092,6627
39126092,6628
39131092,6628
39136092,6628
39141092,6628
39146096,6628
39151096,6627
39156100,6628
39161100,6628
39166104,6628
39171104,6628
39176104,6627
39181104,6628
39186104,6628
39191104,6627
39196104,6627
39201104,6629
39206108,6628
39211108,6627
39216108,6628
39221108,6628
39226108,6628
39231108,6628
39236108,6627
39241108,6627
39246108,6628
39251112,6627
39256112,6628
39261112,6629
39266112,6628
39271112,6628
39276112,6627
39281112,6628
39286112,6628
39291112,6628
39296112,6628
39301112,6628
39306112,6629
39311112,6628
39316112,6627
39321112,6628
39326112,6628
39331112,6628
39336112,6627
39341112,6627
39346116,6628
39351116,6628
39356120,6628
39361124,6628
39366124,6628
39371124,6627
39376124,6628
39381124,6628
39386124,6628
39391124,6628
39396128,6628
39401128,6628
39406128,6628
39411128,6628
39416128,6627
39421128,6627
39426128,6628
39431128,6628
39436128,6627
39441132,6628
39446132,6627
39451132,6628
39456132,6627
39461132,6628
39466132,6627
39471132,6628
39476132,6627
39481136,6628
39486140,6628
39491140,6628
39496140,6628
39501140,6627
39506140,6628
39511144,6627
39516148,6627
39521148,6629
39526152,6628
39531152,6627
39536152,6627
39541152,6627
39546152,6628
39551152,6628
39556156,6627
39561156,6628
39566156,6627
39571160,6628
39576160,6627
39581164,6626
39586164,6628
39591164,6628
39596168,6627
39601168,6628
39606168,6628
39611168,6627
39616168,6628
39621168,6628
39626168,6628
39631168,6628
39636168,6628
39641168,6628
39646168,6627
39651168,6628
39656168,6627
39661168,6628
39666168,6628
39671168,6628
39676172,6628
39681172,6628
39686172,6627
39691172,6627
39696176,6628
39701180,6627
39706180,6627
39711180,6627
39716180,6627
39721180,6628
39726180,6628
39731180,6627
39736180,6626
39741180,6628
39746180,6627
39751180,6628
39756180,6627
39761180,6627
39766180,6627
39771184,6627
39776184,6628
39781184,6628
39786184,6628
39791184,6627
39796188,6627
39801188,6627
39806188,6628
39811188,6628
39816188,6628
39821188,6628
39826188,6627
39831192,6627
39836192,6628
39841192,6628
39846196,6629
39851200,6628
39856204,6627
39861204,6628
39866204,6627
39871204,6627
39876204,6627
39881204,6627
39886204,6628
39891204,6628
39896204,6628
39901204,6628
39906204,6627
39911204,6628
39916204,6627
39921204,6628
39926204,6628
39931204,6627
39936204,6627
39941204,6627
39946204,6627
39951204,6627
39956204,6627
39961208,6627
39966212,6629
39971212,6627
39976212,6627
39981212,6627
39986216,6629
39991216,6627
39996216,6627
40001216,6627
40006216,6628
40011216,6626
40016220,6627
40021224,6627
40026224,6628
40031224,6627
40036224,6628
40041224,6627
40046224,6627
40051224,6627
40056228,6627
40061228,6628
40066228,6628
40071228,6627
40076228,6628
40081232,6627
40086232,6627
40091236,6627
40096236,6627
40101236,6628
40106236,6627
40111240,6627
40116240,6626
40121240,6627
40126240,6628
40131244,6627
40136248,6627
40141252,6627
40146256,6628
40151256,6628
40156260,6627
40161260,6628
40166264,6627
40171264,6627
40176264,6626
40181268,6628
40186272,6627
40191272,6627
40196272,6627
40201276,6627
40206276,6628
40211276,6627
40216280,6627
40221280,6628
40226284,6627
40231284,6627
40236288,6628
40241288,6628
40246288,6628
40251288,6627
40256288,6627
40261288,6627
40266288,6628
40271288,6628
40276288,6627
40281288,6627
40286288,6627
40291288,6626
40296288,6628
40301288,6627
40306288,6627
40311288,6626
40316288,6627
40321288,6628
40326292,6627
40331292,6626
40336296,6626
40341296,6628
40346300,6627
40351300,6626
40356300,6627
40361300,6627
40366300,6627
40371304,6627
40376304,6628
40381304,6627
40386304,6628
40391304,6627
40396304,6626
40401304,6627
40406304,6627
40411304,6627
40416304,6627
40421304,6627
40426304,6626
40431304,6627
40436304,6627
40441304,6627
40446304,6628
40451304,6627
40456304,6627
40461304,6628
40466304,6628
40471304,6627
40476304,6627
40481304,6627
40486304,6628
40491304,6627
40496304,6627
40501304,6627
40506304,6628
40511304,6627
40516304,6626
40521304,6627
40526304,6628
40531304,6627
40536304,6627
40541304,6627
40546308,6627
40551308,6627
40556308,6626
40561308,6627
40566308,6627
40571308,6626
40576308,6627
40581308,6627
40586308,6627
40591308,6627
40596308,6627
40601308,6628
40606308,6627
40611308,6627
40616308,6627
40621308,6627
40626308,6627
40631308,6627
40636312,6627
40641312,6627
40646312,6627
40651312,6626
40656312,6627
40661312,6627
40666312,6627
40671312,6627
40676316,6627
40681316,6627
40686316,6626
40691316,6626
40696316,6626
40701316,6627
40706316,6627
40711316,6627
40716316,6627
40721316,6627
40726316,6627
40731316,6626
40736316,6626
40741316,6627
40746316,6626
40751316,6627
40756316,6627
40761316,6627
40766316,6627
40771316,6627
40776316,6627
40781316,6627
40786316,6626
40791316,6628
40796316,6626
40801316,6627
40806316,6627
40811316,6627
40816316,6627
40821316,6627
40826316,6626
40831316,6627
40836320,6627
40841320,6627
40846324,6628
40851324,6627
40856324,6626
40861324,6627
40866324,6628
40871324,6627
40876324,6627
40881324,6627
40886324,6628
40891328,6627
40896332,6627
40901332,6626
40906332,6627
40911332,6627
40916336,6626
40921336,6627
40926336,6627
40931336,6626
40936336,6626
40941336,6627
40946336,6628
40951336,6626
40956336,6627
40961336,6626
40966336,6627
40971336,6626
40976336,6627
40981336,6627
40986336,6626
40991336,6628
40996336,6626
41001336,6627
41006336,6627
41011336,6626
41016336,6626
41021336,6627
41026336,6628
41031336,6626
41036340,6626
41041340,6628
41046340,6626
41051340,6626
41056344,6627
41061344,6627
41066344,6627
41071348,6627
41076348,6627
41081352,6628
41086352,6626
41091352,6625
41096356,6627
41101360,6627
41106360,6627
41111360,6627
41116360,6625
41121360,6627
41126360,6626
41131360,6626
41136360,6626
41141360,6626
41146360,6627
41151360,6627
41156360,6627
41161360,6626
41166360,6627
41171360,6626
41176360,6627
41181360,6626
41186364,6627
41191364,6626
41196364,6627
41201364,6627
41206364,6627
41211364,6626
41216364,6626
41221368,6627
41226368,6626
41231372,6626
41236372,6626
41241376,6628
41246376,6626
41251380,6627
41256380,6626
41261380,6626
41266380,6626
41271384,6627
41276384,6627
41281384,6626
41286388,6626
41291388,6626
41296392,6627
41301396,6627
41306396,6628
41311396,6627
41316396,6626
41321396,6627
41326396,6627
41331396,6627
41336396,6627
41341396,6627
41346396,6626
41351396,6627
41356396,6626
41361396,6628
41366396,6627
41371396,6627
41376400,6626
41381404,6627
41386408,6625
41391408,6626
41396408,6627
41401408,6627
41406408,6627
41411408,6626
41416408,6627
41421408,6628
41426408,6627
41431408,6627
41436408,6627
41441408,6627
41446412,6627
41451412,6627
41456412,6627
41461412,6627
41466412,6627
41471412,6627
41476416,6627
41481416,6627
41486416,6627
41491416,6626
41496416,6627
41501416,6628
41506416,6626
41511416,6626
41516416,6627
41521416,6627
41526416,6627
41531416,6626
41536420,6627
41541420,6626
41546420,6627
41551420,6626
41556420,6628
41561420,6627
41566420,6626
41571420,6627
41576424,6627
41581424,6627
41586424,6627
41591424,6627
41596424,6626
41601424,6627
41606424,6627
41611428,6627
41616428,6626
41621428,6627
41626428,6626
41631428,6626
41636428,6627
41641428,6627
41646428,6626
41651428,6626
41656428,6626
41661428,6626
41666428,6626
41671428,6628
41676428,6627
41681428,6627
41686432,6626
41691432,6626
41696432,6627
41701432,6626
41706436,6626
41711436,6626
41716440,6627
41721444,6627
41726444,6628
41731448,6627
41736448,6627
41741448,6627
41746448,6627
41751448,6626
41756448,6627
41761448,6627
41766448,6627
41771448,6626
41776448,6627
41781448,6627
41786448,6627
41791448,6626
41796448,6627
41801448,6626
41806448,6627
41811448,6626
41816448,6626
41821448,6627
41826448,6627
41831448,6626
41836448,6626
41841448,6627
41846448,6626
41851448,6626
41856448,6628
41861448,6626
41866448,6627
41871452,6626
41876452,6627
41881452,6627
41886452,6627
41891452,6626
41896456,6626
41901456,6628
41906456,6628
41911456,6627
41916456,6626
41921456,6627
41926456,6626
41931456,6625
41936456,6627
41941456,6627
41946456,6626
41951456,6626
41956460,6627
41961460,6627
41966460,6626
41971460,6627
41976464,6627
41981464,6627
41986464,6627
41991464,6626
41996464,6626
42001464,6626
42006464,6627
42011464,6626
42016468,6626
42021468,6627
42026472,6628
42031476,6627
42036476,6627
42041476,6627
42046480,6627
42051480,6626
42056480,6627
42061480,6627
42066480,6627
42071480,6626
42076480,6626
42081480,6628
42086480,6628
42091480,6626
42096480,6627
42101480,6626
42106480,6626
42111480,6627
42116480,6627
42121484,6627
42126484,6626
42131484,6626
42136484,6627
42141484,6626
42146484,6626
42151484,6626
42156484,6626
42161484,6626
42166484,6626
42171484,6626
42176484,6626
42181484,6627
42186484,6627
42191484,6625
42196484,6626
42201488,6627
42206488,6626
42211488,6626
42216488,6627
42221488,6627
42226488,6627
42231488,6626
42236488,6626
42241488,6628
42246488,6628
42251492,6627
42256492,6626
42261492,6627
42266492,6627
42271492,6626
42276492,6627
42281496,6628
42286496,6626
42291496,6627
42296500,6627
42301504,6628
42306504,6626
42311504,6626
42316504,6626
42321504,6627
42326508,6626
42331508,6626
42336508,6626
42341508,6627
42346508,6627
42351512,6627
42356512,6626
42361512,6627
42366512,6627
42371512,6627
42376512,6627
42381512,6627
42386512,6627
42391512,6626
42396516,6627
42401516,6627
42406516,6627
42411516,6625
42416516,6627
42421516,6627
42426516,6627
42431516,6626
42436516,6627
42441516,6626
42446516,6626
42451516,6626
42456516,6627
42461516,6627
42466516,6627
42471516,6627
42476520,6627
42481520,6627
42486520,6626
42491520,6627
42496524,6627
42501524,6627
42506528,6627
42511528,6626
42516528,6627
42521528,6626
42526528,6625
42531528,6626
42536528,6625
42541528,6626
42546532,6627
42551532,6626
42556532,6626
42561532,6626
42566532,6627
42571532,6626
42576532,6627
42581532,6627
42586532,6627
42591532,6626
42596532,6627
42601532,6626
42606532,6627
42611532,6626
42616532,6627
42621536,6627
42626536,6626
42631536,6627
42636536,6627
42641536,6628
42646540,6626
42651540,6626
42656540,6626
42661540,6627
42666540,6626
42671540,6626
42676540,6627
42681540,6627
42686540,6627
42691540,6627
42696540,6626
42701540,6627
42706540,6626
42711540,6626
42716540,6627
42721540,6628
42726540,6627
42731544,6626
42736544,6627
42741548,6626
42746552,6625
42751552,6627
42756552,6626
42761552,6627
42766552,6626
42771552,6627
42776552,6627
42781552,6627
42786552,6626
42791552,6626
42796556,6627
42801556,6627
42806556,6627
42811556,6626
42816560,6626
42821560,6627
42826560,6627
42831560,6626
42836560,6626
42841564,6626
42846564,6626
42851564,6627
42856564,6627
42861564,6626
42866564,6626
42871564,6626
42876568,6628
42881572,6626
42886572,6626
42891572,6627
42896572,6626
42901572,6627
42906572,6626
42911572,6626
42916572,6626
42921572,6627
42926572,6627
42931572,6626
42936572,6627
42941572,6626
42946572,6626
42951572,6627
42956572,6626
42961576,6627
42966576,6626
42971576,6626
42976576,6626
42981576,6626
42986576,6626
42991576,6626
42996576,6626
43001576,6626
43006576,6626
43011576,6626
43016576,6626
43021576,6626
43026576,6626
43031580,6626
43036584,6627
43041584,6627
43046584,6626
43051584,6626
43056584,6626
43061588,6627
43066592,6626
43071596,6626
43076600,6626
43081604,6627
43086604,6626
43091604,6626
43096604,6626
43101604,6628
43106604,6626
43111604,6627
43116604,6626
43121608,6627
43126608,6626
43131608,6626
43136608,6627
43141608,6627
43146608,6626
43151608,6625
43156608,6626
43161608,6627
43166608,6626
43171608,6627
43176608,6627
43181608,6626
43186608,6627
43191608,6627
43196608,6627
43201608,6627
43206608,6626
43211608,6626
43216608,6626
43221608,6626
43226608,6626
43231608,6626
43236608,6626
43241608,6627
43246612,6627
43251612,6626
43256612,6627
43261616,6626
43266616,6626
43271616,6627
43276620,6626
43281624,6627
43286628,6626
43291628,6626
43296628,6627
43301628,6627
43306628,6627
43311628,6627
43316628,6627
43321628,6628
43326628,6626
43331628,6626
43336628,6626
43341628,6627
43346628,6626
43351628,6626
43356628,6626
43361628,6626
43366628,6626
43371628,6626
43376632,6626
43381632,6626
43386632,6627
43391636,6626
43396636,6627
43401636,6626
43406636,6626
43411636,6626
43416636,6626
43421636,6626
43426640,6626
43431640,6625
43436640,6626
43441640,6627
43446640,6625
43451640,6626
43456640,6626
43461640,6627
43466644,6627
43471644,6626
43476644,6626
43481648,6626
43486648,6627
43491648,6626
43496648,6627
43501648,6626
43506648,6626
43511648,6626
43516648,6625
43521648,6626
43526648,6626
43531648,6625
43536648,6626
43541648,6626
43546648,6626
43551648,6625
43556652,6626
43561652,6626
43566652,6626
43571652,6625
43576652,6627
43581652,6626
43586652,6625
43591652,6626
43596652,6626
43601652,6626
43606652,6626
43611652,6625
43616652,6626
43621652,6626
43626652,6627
43631656,6626
43636660,6626
43641660,6626
43646660,6627
43651664,6626
43656664,6626
43661664,6627
43666668,6626
43671668,6625
43676668,6627
43681668,6626
43686668,6626
43691668,6626
43696668,6626
43701668,6626
43706668,6626
43711668,6626
43716668,6625
43721668,6626
43726668,6625
43731668,6625
43736668,6626
43741668,6626
43746668,6626
43751668,6626
43756668,6625
43761672,6626
43766676,6627
43771680,6626
43776680,6627
43781680,6627
43786680,6626
43791680,6626
43796680,6627
43801680,6626
43806680,6626
43811680,6626
43816680,6626
43821684,6625
43826684,6626
43831688,6626
43836692,6627
43841692,6626
43846692,6626
43851692,6625
43856692,6625
43861692,6626
43866692,6626
43871692,6626
43876692,6626
43881692,6625
43886696,6626
43891696,6625
43896696,6626
43901696,6626
43906696,6626
43911696,6627
43916696,6627
43921696,6626
43926696,6625
43931696,6626
43936696,6626
43941696,6625
43946696,6626
43951696,6625
43956696,6626
43961696,6626
43966700,6626
43971700,6625
43976700,6626
43981700,6625
43986700,6626
43991700,6626
43996700,6626
44001700,6627
44006704,6626
44011708,6625
44016708,6626
44021708,6626
44026708,6625
44031708,6625
44036708,6626
44041708,6626
44046712,6626
44051712,6627
44056712,6625
44061712,6626
44066712,6626
44071712,6626
44076712,6626
44081712,6626
44086716,6625
44091716,6626
44096716,6627
44101720,6626
44106724,6626
44111724,6626
44116724,6625
44121724,6626
44126728,6626
44131728,6625
44136728,6626
44141728,6626
44146728,6625
44151728,6625
44156728,6625
44161728,6625
44166728,6625
44171728,6625
44176728,6625
44181728,6627
44186732,6625
44191732,6626
44196732,6627
44201732,6626
44206732,6626
44211732,6625
44216732,6626
44221732,6627
44226732,6626
44231732,6626
44236732,6626
44241732,6625
44246736,6626
44251736,6626
44256736,6626
44261736,6626
44266736,6625
44271740,6625
44276744,6626
44281744,6626
44286744,6626
44291748,6625
44296748,6626
44301748,6626
44306748,6625
44311748,6626
44316748,6625
44321748,6625
44326748,6626
44331748,6625
44336748,6625
44341748,6626
44346748,6626
44351748,6625
44356748,6625
44361748,6626
44366748,6626
44371748,6625
44376748,6626
44381752,6626
44386752,6626
44391752,6626
44396752,6625
44401752,6626
44406752,6625
44411752,6626
44416752,6625
44421752,6626
44426752,6626
44431752,6626
44436752,6626
44441752,6626
44446752,6626
44451752,6625
44456752,6626
44461752,6626
44466756,6626
44471760,6626
44476760,6625
44481760,6626
44486764,6626
44491764,6626
44496764,6626
44501764,6625
44506764,6625
44511764,6625
44516764,6626
44521764,6626
44526764,6626
44531764,6625
44536764,6626
44541764,6626
44546764,6626
44551768,6624
44556768,6626
44561768,6626
44566768,6625
44571768,6624
44576772,6625
44581772,6625
44586772,6625
44591772,6625
44596772,6625
44601772,6625
44606772,6625
44611772,6625
44616772,6626
44621772,6627
44626772,6626
44631772,6626
44636772,6626
44641772,6626
44646772,6625
44651772,6626
44656776,6625
44661780,6627
44666780,6625
44671780,6626
44676780,6626
44681780,6626
44686780,6625
44691784,6627
44696784,6625
44701784,6625
44706784,6625
44711784,6625
44716784,6626
44721784,6625
44726788,6626
44731788,6626
44736788,6626
44741788,6625
44746792,6625
44751792,6624
44756792,6625
44761792,6626
44766792,6626
44771792,6625
44776792,6626
44781792,6626
44786792,6626
44791792,6626
44796792,6626
44801792,6626
44806792,6625
44811792,6626
44816792,6626
44821792,6626
44826792,6625
44831792,6626
44836792,6625
44841792,6625
44846792,6625
44851792,6625
44856792,6625
44861792,6626
44866792,6626
44871792,6625
44876792,6625
44881792,6625
44886792,6625
44891792,6624
44896792,6626
44901792,6624
44906792,6626
44911792,6626
44916792,6626
44921792,6626
44926792,6625
44931792,6624
44936792,6627
44941792,6626
44946792,6625
44951792,6625
44956792,6626
44961800,6626
44966800,6625
44971800,6625
44976800,6626
44981800,6625
44986800,6626
44991800,6625
44996804,6626
45001804,6625
45006804,6625
45011804,6626
45016804,6625
45021804,6625
45026804,6625
45031804,6625
45036804,6626
45041804,6626
45046804,6625
45051808,6625
45056808,6626
45061808,6625
45066808,6625
45071808,6626
45076812,6624
45081812,6625
45086812,6626
45091812,6625
45096812,6625
45101812,6626
45106812,6625
45111812,6625
45116812,6626
45121816,6625
45126820,6625
45131820,6625
45136820,6625
45141820,6626
45146820,6626
45151820,6625
45156820,6625
45161820,6626
45166820,6625
45171820,6625
45176820,6625
45181820,6625
45186820,6625
45191820,6625
45196820,6626
45201820,6626
45206820,6625
45211820,6625
45216820,6626
45221820,6626
45226820,6625
45231820,6625
45236820,6626
45241820,6626
45246820,6626
45251820,6624
45256820,6626
45261820,6626
45266820,6624
45271820,6625
45276820,6626
45281820,6625
45286820,6625
45291820,6625
45296820,6626
45301820,6626
45306820,6625
45311824,6625
45316824,6625
45321824,6626
45326824,6625
45331824,6626
45336824,6625
45341824,6626
45346824,6625
45351824,6625
45356828,6626
45361828,6625
45366828,6625
45371828,6624
45376828,6625
45381828,6627
45386828,6625
45391832,6626
45396832,6625
45401832,6625
45406832,6625
45411832,6625
45416832,6625
45421832,6626
45426832,6625
45431832,6625
45436832,6625
45441836,6625
45446836,6625
45451836,6624
45456836,6625
45461836,6626
45466840,6625
45471840,6624
45476840,6626
45481840,6625
45486840,6626
45491840,6625
45496840,6626
45501840,6625
45506844,6624
45511848,6624
45516848,6626
45521848,6625
45526848,6625
45531848,6626
45536848,6625
45541852,6625
45546852,6624
45551852,6625
45556852,6625
45561852,6625
45566852,6626
45571852,6624
45576852,6625
45581852,6626
45586852,6625
45591852,6625
45596856,6626
45601856,6626
45606856,6625
45611856,6625
45616856,6626
45621860,6624
45626860,6625
45631860,6625
45636860,6625
45641864,6626
45646864,6625
45651864,6625
45656864,6625
45661864,6626
45666864,6625
45671864,6626
45676864,6626
45681864,6625
45686864,6626
45691864,6624
45696864,6625
45701868,6625
45706868,6626
45711868,6625
45716868,6625
45721868,6625
45726872,6625
45731872,6625
45736872,6625
45741876,6625
45746876,6625
45751880,6624
45756880,6626
45761880,6626
45766880,6626
45771880,6625
45776880,6626
45781880,6626
45786880,6625
45791880,6625
45796880,6625
45801880,6626
45806880,6624
45811880,6626
45816880,6627
45821884,6626
45826884,6625
45831884,6626
45836884,6626
45841884,6626
45846884,6625
45851884,6626
45856884,6626
45861888,6626
45866888,6626
45871892,6626
45876892,6625
45881896,6626
45886896,6626
45891896,6626
45896896,6626
45901896,6626
45906896,6626
45911896,6626
45916896,6626
45921896,6626
45926896,6625
45931900,6625
45936900,6626
45941900,6625
45946900,6625
45951900,6626
45956904,6626
45961904,6626
45966904,6627
45971904,6626
45976904,6626
45981904,6626
45986904,6625
45991908,6625
45996908,6625
46001908,6626
46006908,6626
46011912,6625
46016912,6626
46021912,6626
46026912,6625
46031912,6626
46036912,6625
46041912,6626
46046912,6626
46051912,6626
46056912,6627
46061912,6626
46066912,6626
46071912,6625
46076912,6626
46081912,6626
46086912,6625
46091912,6626
46096912,6626
46101912,6626
46106912,6626
46111912,6626
46116912,6626
46121912,6627
46126916,6626
46131916,6626
46136920,6626
46141920,6626
46146920,6626
46151920,6626
46156920,6626
46161924,6625
46166924,6626
46171924,6625
46176924,6627
46181924,6626
46186924,6625
46191924,6626
46196924,6626
46201928,6626
46206928,6625
46211928,6625
46216928,6627
46221928,6626
46226928,6626
46231928,6625
46236928,6625
46241928,6625
46246932,6626
46251932,6627
46256932,6626
46261936,6626
46266940,6625
46271944,6625
46276944,6626
46281944,6626
46286944,6625
46291944,6626
46296944,6625
46301944,6626
46306944,6626
46311944,6627
46316944,6626
46321944,6626
46326948,6627
46331948,6626
46336948,6627
46341948,6626
46346948,6626
46351948,6626
46356948,6626
46361948,6625
46366948,6625
46371948,6627
46376948,6626
46381948,6626
46386948,6626
46391948,6626
46396948,6626
46401948,6626
46406948,6626
46411948,6627
46416952,6626
46421952,6626
46426952,6625
46431952,6626
46436952,6626
46441956,6626
46446956,6626
46451956,6625
46456956,6627
46461960,6627
46466960,6625
46471960,6627
46476964,6627
46481964,6626
46486964,6625
46491964,6626
46496964,6626
46501964,6626
46506968,6627
46511972,6627
46516972,6627
46521972,6626
46526976,6626
46531976,6627
46536980,6627
46541984,6626
46546984,6626
46551984,6626
46556988,6627
46561988,6626
46566988,6626
46571988,6626
46576988,6627
46581988,6626
46586988,6627
46591992,6626
46596992,6626
46601992,6626
46606992,6626
46611992,6626
46616992,6627
46621992,6627
46626992,6626
46631992,6626
46636996,6627
46642000,6627
46647000,6624
46652000,6626
46657000,6627
46662000,6626
46667000,6626
46672000,6627
46677000,6627
46682000,6627
46687000,6627
46692000,6626
46697000,6627
46702000,6627
46707000,6626
46712000,6626
46717004,6627
46722004,6626
46727004,6626
46732004,6628
46737004,6627
46742008,6627
46747008,6625
46752008,6626
46757008,6627
46762008,6627
46767008,6626
46772008,6625
46777008,6627
46782008,6626
46787008,6626
46792008,6626
46797008,6627
46802012,6626
46807012,6627
46812016,6626
46817020,6627
46822020,6627
46827020,6626
46832020,6626
46837024,6628
46842024,6626
46847028,6626
46852032,6626
46857032,6626
46862032,6626
46867032,6626
46872032,6627
46877032,6627
46882032,6627
46887036,6626
46892040,6626
46897040,6627
46902040,6626
46907040,6627
46912040,6626
46917040,6627
46922044,6626
46927044,6627
46932044,6626
46937044,6627
46942044,6627
46947044,6626
46952044,6626
46957044,6626
46962044,6626
46967044,6626
46972044,6627
46977044,6627
46982044,6627
46987044,6626
46992044,6626
46997048,6627
47002048,6626
47007048,6627
47012048,6626
47017048,6627
47022048,6626
47027052,6626
47032052,6627
47037052,6627
47042052,6628
47047056,6627
47052056,6627
47057056,6627
47062056,6627
47067060,6627
47072060,6626
47077060,6627
47082060,6627
47087060,6627
47092060,6626
47097060,6627
47102060,6626
47107060,6626
47112060,6627
47117060,6627
47122060,6625
47127060,6626
47132064,6627
47137064,6627
47142064,6627
47147064,6626
47152068,6627
47157068,6626
47162072,6626
47167072,6625
47172076,6627
47177076,6626
47182080,6627
47187080,6627
47192080,6626
47197080,6627
47202080,6626
47207080,6627
47212080,6626
47217080,6626
47222080,6627
47227080,6626
47232080,6626
47237080,6627
47242080,6627
47247080,6626
47252080,6627
47257080,6626
47262080,6627
47267080,6626
47272080,6626
47277080,6627
47282080,6627
47287080,6626
47292080,6626
47297080,6627
47302084,6626
47307084,6627
47312084,6627
47317084,6626
47322084,6626
47327084,6626
47332084,6626
47337084,6626
47342084,6628
47347084,6626
47352084,6626
47357084,6627
47362084,6626
47367084,6627
47372084,6627
47377084,6627
47382084,6626
47387084,6626
47392084,6628
47397088,6627
47402088,6626
47407088,6626
47412088,6626
47417088,6627
47422088,6627
47427088,6626
47432088,6626
47437088,6627
47442088,6626
47447088,6626
47452088,6627
47457088,6626
47462088,6627
47467088,6626
47472088,6626
47477088,6627
47482088,6627
47487088,6626
47492088,6625
47497088,6627
47502088,6626
47507088,6626
47512088,6627
47517092,6626
47522096,6626
47527096,6626
47532096,6626
47537096,6627
47542096,6627
47547096,6626
47552100,6626
47557104,6627
47562104,6626
47567104,6626
47572104,6626
47577104,6628
47582104,6626
47587104,6626
47592104,6626
47597104,6626
47602104,6627
47607104,6626
47612104,6627
47617104,6626
47622104,6627
47627104,6627
47632104,6626
47637104,6627
47642104,6626
47647104,6626
47652104,6626
47657104,6626
47662104,6626
47667104,6626
47672104,6627
47677104,6627
47682104,6626
47687104,6625
47692108,6626
47697108,6626
47702112,6627
47707112,6626
47712112,6626
47717112,6626
47722112,6626
47727112,6626
47732112,6626
47737116,6627
47742116,6627
47747120,6626
47752120,6626
47757120,6627
47762120,6626
47767120,6627
47772120,6626
47777120,6628
47782120,6626
47787120,6625
47792120,6628
47797120,6627
47802120,6627
47807120,6626
47812120,6626
47817120,6626
47822120,6627
47827120,6625
47832120,6626
47837124,6626
47842128,6626
47847128,6626
47852128,6626
47857128,6626
47862128,6626
47867128,6627
47872128,6627
47877128,6626
47882128,6626
47887128,6626
47892128,6627
47897128,6627
47902128,6627
47907132,6626
47912132,6627
47917132,6627
47922132,6626
47927132,6626
47932132,6626
47937136,6627
47942136,6626
47947140,6626
47952140,6627
47957140,6627
47962140,6627
47967140,6627
47972140,6627
47977140,6627
47982140,6626
47987140,6627
47992140,6626
47997140,6627
48002140,6626
48007144,6627
48012144,6627
48017144,6627
48022144,6626
48027144,6626
48032144,6626
48037144,6627
48042148,6626
48047152,6626
48052152,6626
48057152,6627
48062152,6627
48067152,6627
48072152,6627
48077152,6626
48082152,6626
48087152,6627
48092152,6626
48097152,6627
48102152,6626
48107152,6626
48112152,6628
48117152,6627
48122156,6627
48127156,6625
48132156,6626
48137156,6627
48142156,6626
48147160,6626
48152160,6626
48157160,6627
48162164,6626
48167164,6626
48172168,6627
48177168,6627
48182168,6626
48187168,6626
48192168,6625
48197168,6627
48202168,6626
48207168,6624
48212168,6626
48217168,6626
48222168,6626
48227168,6626
48232168,6626
48237168,6626
48242168,6626
48247168,6626
48252168,6626
48257168,6626
48262168,6626
48267168,6625
48272168,6626
48277168,6626
48282168,6626
48287172,6626
48292172,6626
48297172,6626
48302172,6626
48307172,6626
48312172,6627
48317176,6626
48322176,6626
48327176,6626
48332180,6626
48337180,6627
48342180,6625
48347180,6626
48352180,6626
48357184,6626
48362184,6626
48367188,6625
48372188,6625
48377188,6626
48382188,6626
48387188,6626
48392188,6626
48397188,6627
48402188,6626
48407188,6626
48412188,6626
48417188,6626
48422188,6625
48427188,6626
48432188,6626
48437188,6626
48442188,6626
48447188,6627
48452192,6626
48457192,6625
48462192,6626
48467192,6626
48472192,6626
48477192,6626
48482192,6626
48487192,6627
48492192,6626
48497192,6626
48502192,6625
48507192,6626
48512192,6626
48517192,6626
48522192,6626
48527192,6625
48532192,6626
48537192,6626
48542192,6626
48547192,6626
48552192,6627
48557192,6626
48562192,6626
48567192,6626
48572192,6626
48577192,6626
48582192,6626
48587192,6626
48592192,6627
48597192,6626
48602192,6627
48607192,6626
48612192,6626
48617192,6626
48622192,6626
48627192,6625
48632192,6627
48637192,6626
48642192,6624
48647192,6626
48652192,6625
48657196,6626
48662196,6626
48667196,6626
48672196,6626
48677196,6626
48682196,6625
48687196,6626
48692196,6626
48697196,6626
48702196,6626
48707196,6625
48712196,6626
48717196,6626
48722196,6626
48727200,6626
48732200,6626
48737200,6626
48742200,6626
48747200,6626
48752200,6626
48757200,6626
48762200,6626
48767200,6625
48772200,6626
48777200,6626
48782200,6625
48787200,6626
48792200,6625
48797200,6626
48802200,6626
48807200,6625
48812200,6625
48817200,6626
48822200,6626
48827200,6625
48832200,6626
48837200,6626
48842200,6626
48847200,6626
48852200,6626
48857200,6626
48862200,6625
48867200,6626
48872200,6626
48877200,6626
48882200,6626
48887200,6625
48892200,6626
48897200,6625
48902200,6625
48907200,6626
48912200,6626
48917200,6626
48922200,6626
48927200,6625
48932200,6626
48937200,6626
48942200,6626
48947208,6626
48952208,6626
48957208,6625
48962208,6627
48967208,6626
48972208,6625
48977208,6625
48982208,6625
48987208,6626
48992208,6626
48997208,6626
49002208,6626
49007208,6625
49012208,6626
49017208,6625
49022208,6626
49027208,6626
49032208,6626
49037208,6626
49042208,6625
49047208,6626
49052208,6626
49057208,6625
49062208,6626
49067208,6626
49072208,6626
49077208,6624
49082208,6626
49087208,6626
49092208,6626
49097208,6626
49102212,6625
49107212,6626
49112212,6625
49117212,6625
49122216,6625
49127216,6626
49132216,6626
49137216,6626
49142216,6625
49147216,6625
49152216,6627
49157216,6626
49162220,6625
49167220,6626
49172220,6626
49177220,6626
49182220,6624
49187220,6625
49192220,6625
49197220,6625
49202220,6626
49207220,6625
49212220,6625
49217220,6626
49222220,6625
49227220,6626
49232220,6626
49237220,6625
49242220,6625
49247220,6625
49252224,6625
49257224,6626
49262224,6625
49267224,6625
49272224,6626
49277224,6625
49282224,6626
49287224,6624
49292224,6625
49297224,6625
49302224,6625
49307224,6625
49312224,6626
49317224,6625
49322224,6625
49327228,6626
49332232,6625
49337232,6626
49342232,6625
49347232,6625
49352232,6626
49357232,6625
49362232,6625
49367232,6624
49372232,6626
49377232,6626
49382232,6626
49387232,6625
49392232,6625
49397232,6626
49402232,6626
49407232,6625
49412232,6625
49417232,6625
49422232,6625
49427232,6625
49432232,6627
49437232,6625
49442232,6625
49447232,6625
49452232,6626
49457232,6625
49462232,6625
49467232,6625
49472232,6625
49477236,6626
49482236,6625
49487236,6625
49492236,6625
49497240,6625
49502240,6626
49507240,6626
49512240,6625
49517240,6625
49522240,6624
49527244,6626
49532244,6626
49537244,6626
49542244,6625
49547244,6625
49552244,6625
49557244,6626
49562244,6625
49567244,6625
49572244,6625
49577244,6626
49582248,6625
49587248,6624
49592248,6625
49597248,6626
49602248,6625
49607248,6625
49612248,6626
49617248,6625
49622248,6625
49627248,6624
49632248,6626
49637248,6626
49642252,6625
49647252,6624
49652252,6625
49657252,6625
49662252,6625
49667256,6626
49672256,6625
49677256,6625
49682256,6626
49687256,6625
49692260,6626
49697260,6625
49702260,6625
49707260,6625
49712264,6625
49717268,6624
49722268,6625
49727268,6625
49732268,6625
49737272,6625
49742272,6625
49747272,6625
49752272,6625
49757272,6625
49762272,6624
49767272,6624
49772276,6625
49777276,6624
49782276,6625
49787276,6625
49792276,6625
49797280,6626
49802280,6625
49807280,6625
49812280,6624
49817280,6625
49822280,6625
49827280,6625
49832280,6625
49837280,6624
49842284,6625
49847284,6625
49852284,6625
49857284,6625
49862284,6624
49867284,6625
49872284,6626
49877288,6625
49882288,6625
49887292,6625
49892296,6625
49897296,6624
49902296,6624
49907296,6625
49912296,6626
49917296,6625
49922300,6624
49927300,6624
49932300,6625
49937300,6625
49942300,6624
49947300,6625
49952300,6625
49957300,6625
49962300,6625
49967300,6626
49972300,6625
49977300,6624
49982300,6626
49987300,6625
49992300,6625
49997300,6626
50002300,6625
50007300,6624
50012300,6625
50017300,6625
50022300,6625
50027300,6625
50032300,6625
50037304,6625
50042304,6625
50047304,6625
50052304,6625
50057304,6625
50062304,6625
50067304,6625
50072304,6625
50077304,6625
50082304,6626
50087304,6625
50092304,6625
50097304,6625
50102304,6625
50107304,6625
50112304,6625
50117304,6626
50122308,6624
50127308,6626
50132308,6625
50137308,6625
50142308,6625
50147308,6624
50152308,6626
50157308,6625
50162308,6624
50167308,6625
50172308,6625
50177308,6625
50182308,6626
50187312,6624
50192312,6624
50197312,6624
50202312,6625
50207312,6625
50212312,6625
50217312,6626
50222312,6624
50227312,6625
50232312,6625
50237312,6625
50242316,6625
50247320,6625
50252320,6625
50257320,6625
50262320,6625
50267320,6625
50272320,6625
50277320,6625
50282320,6626
50287324,6624
50292324,6625
50297328,6625
50302328,6624
50307328,6623
50312328,6625
50317328,6625
50322328,6625
50327328,6624
50332328,6624
50337328,6625
50342328,6625
50347328,6624
50352328,6625
50357328,6624
50362328,6625
50367332,6625
50372332,6624
50377332,6625
50382336,6624
50387340,6626
50392340,6624
50397340,6625
50402344,6624
50407344,6625
50412344,6624
50417344,6625
50422344,6625
50427344,6624
50432344,6625
50437344,6624
50442344,6626
50447344,6624
50452344,6624
50457344,6625
50462348,6625
50467348,6624
50472348,6625
50477348,6626
50482348,6625
50487348,6624
50492348,6625
50497348,6626
50502348,6623
50507348,6625
50512348,6625
50517348,6625
50522348,6624
50527348,6624
50532352,6625
50537352,6624
50542352,6624
50547352,6625
50552352,6624
50557352,6624
50562352,6624
50567352,6624
50572352,6624
50577352,6624
50582352,6624
50587352,6625
50592352,6624
50597356,6624
50602356,6626
50607356,6624
50612356,6626
50617356,6624
50622356,6624
50627356,6626
50632356,6624
50637356,6625
50642356,6624
50647356,6624
50652356,6624
50657356,6624
50662356,6625
50667356,6624
50672356,6626
50677356,6624
50682356,6624
50687360,6624
50692360,6625
50697360,6625
50702360,6624
50707360,6625
50712360,6624
50717360,6625
50722360,6624
50727360,6625
50732360,6625
50737360,6624
50742360,6624
50747360,6624
50752360,6624
50757360,6624
50762360,6625
50767360,6625
50772364,6625
50777364,6624
50782364,6625
50787364,6625
50792364,6625
50797364,6625
50802364,6625
50807364,6625
50812368,6625
50817368,6624
50822368,6624
50827368,6625
50832368,6625
50837368,6624
50842368,6624
50847368,6625
50852368,6625
50857368,6624
50862368,6625
50867368,6624
50872368,6625
50877368,6624
50882368,6624
50887368,6624
50892368,6625
50897368,6624
50902368,6624
50907368,6625
50912368,6625
50917368,6624
50922368,6624
50927368,6625
50932372,6625
50937372,6624
50942376,6623
50947376,6624
50952376,6624
50957380,6624
50962380,6625
50967380,6625
50972380,6625
50977380,6626
50982380,6624
50987380,6623
50992380,6625
50997384,6624
51002388,6624
51007388,6623
51012388,6624
51017388,6625
51022388,6625
51027388,6624
51032388,6624
51037388,6624
51042388,6625
51047388,6625
51052388,6624
51057388,6623
51062388,6625
51067388,6624
51072392,6626
51077392,6625
51082392,6624
51087392,6624
51092392,6624
51097392,6624
51102396,6624
51107396,6624
51112396,6624
51117396,6624
51122396,6624
51127396,6624
51132396,6624
51137396,6625
51142396,6624
51147396,6625
51152396,6624
51157396,6624
51162396,6624
51167396,6623
51172396,6625
51177396,6624
51182396,6624
51187396,6624
51192396,6625
51197396,6625
51202396,6624
51207396,6624
51212396,6625
51217396,6624
51222396,6624
51227396,6624
51232396,6625
51237396,6624
51242400,6625
51247400,6624
51252400,6625
51257404,6624
51262408,6624
51267408,6625
51272412,6626
51277412,6625
51282412,6624
51287412,6625
51292416,6626
51297420,6624
51302420,6624
51307420,6625
51312420,6625
51317420,6625
51322424,6624
51327424,6625
51332424,6625
51337428,6624
51342432,6624
51347432,6624
51352432,6624
51357432,6625
51362432,6624
51367432,6625
51372436,6625
51377436,6624
51382436,6624
51387440,6624
51392440,6625
51397440,6624
51402440,6625
51407440,6624
51412440,6624
51417440,6625
51422440,6624
51427440,6623
51432440,6625
51437440,6623
51442440,6624
51447440,6624
51452440,6625
51457440,6625
51462444,6623
51467448,6624
51472448,6624
51477448,6624
51482448,6624
51487452,6625
51492452,6624
51497456,6624
51502456,6624
51507456,6625
51512456,6624
51517456,6625
51522456,6624
51527456,6624
51532456,6625
51537456,6624
51542456,6623
51547456,6625
51552456,6625
51557456,6626
51562456,6624
51567456,6625
51572456,6624
51577456,6624
51582456,6624
51587456,6624
51592456,6625
51597456,6624
51602456,6624
51607460,6624
51612464,6625
51617468,6625
51622468,6624
51627468,6624
51632468,6624
51637472,6624
51642476,6624
51647476,6624
51652476,6625
51657476,6624
51662476,6625
51667476,6624
51672480,6625
51677480,6624
51682480,6624
51687480,6623
51692480,6625
51697480,6625
51702480,6625
51707480,6625
51712480,6625
51717480,6624
51722480,6624
51727484,6625
51732488,6626
51737488,6624
51742492,6624
51747496,6624
51752496,6624
51757500,6625
51762500,6624
51767500,6623
51772500,6624
51777500,6624
51782500,6624
51787500,6624
51792500,6625
51797500,6624
51802500,6623
51807500,6624
51812500,6626
51817500,6624
51822504,6624
51827504,6624
51832508,6625
51837508,6624
51842508,6624
51847508,6624
51852508,6625
51857508,6623
51862508,6624
51867508,6624
51872508,6625
51877512,6624
51882512,6624
51887512,6624
51892512,6625
51897512,6624
51902512,6624
51907512,6624
51912512,6624
51917512,6624
51922512,6624
51927512,6624
51932512,6624
51937512,6624
51942512,6623
51947512,6624
51952512,6624
51957512,6623
51962512,6624
51967512,6624
51972512,6624
51977512,6625
51982512,6624
51987512,6624
51992516,6624
51997520,6624
52002520,6623
52007520,6625
52012524,6624
52017524,6625
52022524,6623
52027524,6625
52032524,6624
52037524,6624
52042524,6624
52047524,6624
52052524,6625
52057524,6624
52062524,6623
52067524,6624
52072524,6624
52077524,6625
52082524,6624
52087524,6623
52092524,6624
52097524,6625
52102524,6624
52107524,6624
52112524,6625
52117524,6625
52122524,6624
52127524,6624
52132524,6625
52137524,6625
52142524,6624
52147524,6623
52152528,6624
52157532,6624
52162532,6624
52167532,6624
52172532,6624
52177532,6624
52182532,6624
52187532,6624
52192532,6625
52197532,6624
52202532,6623
52207532,6624
52212532,6624
52217532,6624
52222532,6623
52227536,6624
52232536,6624
52237536,6625
52242536,6624
52247536,6624
52252536,6624
52257536,6624
52262536,6623
52267536,6624
52272540,6623
52277540,6624
52282540,6624
52287540,6624
52292540,6624
52297540,6623
52302540,6624
52307540,6623
52312540,6624
52317540,6623
52322540,6624
52327540,6625
52332540,6625
52337540,6623
52342540,6625
52347540,6624
52352544,6624
52357548,6624
52362548,6625
52367548,6624
52372548,6624
52377552,6623
52382552,6624
52387552,6625
52392552,6624
52397552,6624
52402552,6625
52407552,6624
52412552,6624
52417552,6624
52422556,6623
52427556,6624
52432556,6624
52437556,6625
52442556,6624
52447556,6624
52452556,6624
52457556,6624
52462556,6624
52467556,6624
52472556,6623
52477556,6623
52482556,6625
52487556,6624
52492556,6624
52497556,6624
52502560,6623
52507560,6624
52512560,6624
52517560,6624
52522560,6624
52527564,6625
52532568,6624
52537568,6624
52542568,6622
52547572,6624
52552572,6624
52557572,6624
52562572,6625
52567572,6624
52572572,6624
52577572,6624
52582572,6624
52587572,6624
52592572,6624
52597576,6624
52602576,6624
52607576,6623
52612576,6624
52617576,6624
52622580,6624
52627580,6624
52632580,6624
52637580,6623
52642580,6624
52647580,6624
52652580,6625
52657584,6624
52662584,6623
52667584,6624
52672584,6624
52677584,6623
52682584,6624
52687584,6624
52692584,6624
52697584,6624
52702584,6623
52707584,6623
52712584,6624
52717588,6624
52722588,6624
52727588,6624
52732588,6623
52737592,6624
52742592,6624
52747592,6625
52752592,6623
52757592,6624
52762592,6623
52767592,6624
52772596,6624
52777596,6623
52782596,6623
52787600,6623
52792604,6624
52797604,6624
52802608,6624
52807608,6624
52812608,6624
52817608,6624
52822608,6623
52827608,6624
52832608,6623
52837608,6624
52842608,6624
52847608,6625
52852608,6624
52857608,6624
52862608,6624
52867608,6624
52872608,6624
52877608,6624
52882608,6623
52887608,6624
52892608,6624
52897608,6624
52902608,6623
52907608,6624
52912612,6624
52917612,6624
52922612,6623
52927612,6623
52932616,6624
52937616,6624
52942616,6624
52947616,6624
52952616,6624
52957616,6624
52962616,6624
52967616,6623
52972620,6623
52977624,6624
52982624,6624
52987624,6624
52992628,6623
52997628,6624
53002628,6623
53007628,6625
53012628,6624
53017628,6623
53022632,6623
53027632,6624
53032636,6623
53037636,6623
53042636,6623
53047636,6624
53052636,6624
53057640,6624
53062640,6623
53067640,6624
53072640,6623
53077640,6624
53082640,6624
53087644,6622
53092644,6624
53097644,6623
53102644,6624
53107644,6624
53112644,6624
53117644,6624
53122644,6624
53127648,6624
53132652,6624
53137652,6624
53142652,6623
53147656,6623
53152656,6624
53157656,6623
53162656,6623
53167656,6623
53172656,6623
53177656,6623
53182656,6624
53187656,6624
53192656,6624
53197656,6623
53202656,6624
53207656,6623
53212656,6624
53217656,6624
53222656,6623
53227656,6623
53232656,6624
53237656,6623
53242656,6623
53247656,6624
53252656,6624
53257656,6624
53262656,6623
53267656,6623
53272656,6625
53277656,6624
53282660,6624
53287660,6624
53292660,6623
53297660,6623
53302660,6624
53307664,6624
53312668,6624
53317672,6624
53322676,6623
53327676,6624
53332676,6624
53337676,6623
53342676,6623
53347676,6623
53352676,6625
53357676,6623
53362676,6623
53367680,6624
53372684,6625
53377688,6624
53382688,6623
53387688,6623
53392688,6623
53397688,6623
53402692,6623
53407692,6624
53412692,6624
53417692,6623
53422692,6624
53427692,6623
53432696,6623
53437696,6624
53442696,6623
53447696,6623
53452696,6624
53457696,6623
53462696,6624
53467700,6624
53472700,6623
53477700,6623
53482700,6623
53487700,6624
53492700,6623
53497700,6624
53502700,6623
53507700,6624
53512704,6624
53517708,6624
53522708,6623
53527708,6624
53532708,6624
53537708,6623
53542708,6624
53547708,6624
53552708,6624
53557708,6623
53562708,6624
53567708,6624
53572708,6624
53577708,6623
53582708,6623
53587708,6623
53592712,6624
53597712,6624
53602712,6622
53607712,6624
53612716,6623
53617716,6622
53622716,6624
53627716,6624
53632716,6623
53637720,6623
53642720,6623
53647724,6623
53652724,6624
53657724,6624
53662724,6623
53667724,6623
53672724,6623
53677724,6623
53682724,6623
53687724,6624
53692724,6623
53697724,6624
53702724,6623
53707724,6624
53712724,6623
53717724,6623
53722724,6623
53727724,6624
53732724,6624
53737724,6623
53742724,6623
53747728,6623
53752728,6623
53757728,6623
53762728,6624
53767728,6623
53772728,6623
53777728,6624
53782728,6623
53787728,6623
53792728,6623
53797728,6624
53802728,6623
53807728,6623
53812728,6624
53817728,6623
53822728,6623
53827728,6624
53832728,6624
53837732,6623
53842732,6623
53847732,6623
53852736,6623
53857740,6623
53862740,6624
53867740,6624
53872744,6623
53877744,6624
53882744,6624
53887744,6624
53892744,6624
53897748,6624
53902748,6623
53907748,6624
53912748,6624
53917748,6624
53922748,6623
53927748,6624
53932748,6623
53937748,6623
53942748,6623
53947748,6623
53952748,6624
53957748,6623
53962748,6623
53967748,6624
53972748,6623
53977752,6623
53982752,6623
53987752,6623
53992756,6624
53997760,6624
54002764,6624
54007764,6623
54012764,6625
54017764,6623
54022764,6623
54027764,6624
54032768,6624
54037768,6623
54042768,6623
54047768,6624
54052768,6623
54057768,6623
54062768,6624
54067768,6624
54072768,6623
54077772,6623
54082772,6623
54087772,6624
54092772,6624
54097772,6623
54102772,6623
54107772,6624
54112772,6623
54117776,6623
54122776,6623
54127776,6623
54132776,6623
54137776,6624
54142776,6624
54147776,6623
54152776,6623
54157780,6622
54162780,6624
54167780,6624
54172780,6623
54177780,6623
54182780,6623
54187780,6623
54192780,6624
54197780,6624
54202780,6623
54207780,6624
54212780,6623
54217780,6623
54222780,6624
54227780,6624
54232780,6624
54237784,6623
54242784,6624
54247788,6624
54252788,6623
54257788,6624
54262792,6623
54267792,6624
54272792,6623
54277792,6624
54282792,6623
54287792,6623
54292792,6623
54297792,6623
54302792,6623
54307792,6623
54312792,6623
54317792,6623
54322792,6623
54327792,6623
54332792,6624
54337792,6623
54342792,6623
54347792,6624
54352792,6624
54357792,6624
54362792,6623
54367792,6622
54372792,6624
54377792,6624
54382792,6623
54387792,6624
54392792,6623
54397792,6623
54402792,6624
54407792,6624
54412792,6624
54417796,6623
54422796,6623
54427800,6624
54432804,6623
54437804,6623
54442804,6623
54447804,6623
54452804,6622
54457808,6623
54462808,6623
54467808,6624
54472808,6623
54477808,6623
54482808,6623
54487808,6624
54492808,6623
54497808,6623
54502812,6623
54507812,6623
54512812,6623
54517812,6624
54522812,6624
54527812,6624
54532812,6623
54537812,6624
54542812,6623
54547812,6623
54552812,6624
54557812,6623
54562816,6623
54567816,6623
54572816,6624
54577816,6623
54582816,6623
54587816,6623
54592816,6624
54597816,6623
54602816,6624
54607816,6624
54612816,6624
54617816,6624
54622816,6623
54627820,6624
54632820,6624
54637820,6624
54642820,6624
54647820,6622
54652820,6623
54657820,6622
54662820,6624
54667820,6624
54672820,6623
54677820,6623
54682820,6624
54687820,6623
54692820,6623
54697820,6623
54702820,6623
54707820,6623
54712820,6623
54717820,6623
54722820,6623
54727820,6624
54732820,6624
54737820,6623
54742820,6623
54747820,6624
54752820,6624
54757820,6623
54762824,6623
54767824,6623
54772824,6623
54777824,6624
54782824,6623
54787824,6623
54792828,6623
54797832,6623
54802832,6623
54807832,6623
54812832,6623
54817832,6623
54822832,6624
54827832,6624
54832832,6623
54837832,6623
54842832,6623
54847832,6624
54852832,6623
54857836,6622
54862836,6623
54867836,6623
54872836,6624
54877836,6623
54882836,6623
54887840,6623
54892840,6623
54897840,6623
54902840,6623
54907840,6624
54912840,6623
54917840,6623
54922840,6624
54927840,6623
54932844,6623
54937848,6623
54942848,6623
54947848,6624
54952848,6624
54957848,6623
54962848,6623
54967848,6624
54972848,6624
54977848,6623
54982848,6623
54987848,6623
54992848,6623
54997848,6623
55002848,6623
55007848,6624
55012848,6623
55017848,6623
55022848,6624
55027848,6623
55032848,6623
55037848,6624
55042848,6623
55047852,6622
55052852,6622
55057852,6622
55062856,6623
55067860,6623
55072864,6623
55077864,6623
55082864,6623
55087864,6624
55092864,6623
55097864,6623
55102868,6624
55107868,6624
55112868,6623
55117872,6623
55122872,6624
55127872,6622
55132872,6623
55137872,6623
55142872,6623
55147872,6624
55152872,6623
55157872,6623
55162872,6623
55167872,6623
55172872,6622
55177872,6623
55182872,6624
55187872,6623
55192872,6623
55197872,6622
55202872,6623
55207872,6623
55212872,6623
55217872,6623
55222872,6624
55227872,6623
55232872,6623
55237872,6622
55242872,6622
55247880,6624
55252884,6623
55257888,6623
55262888,6622
55267888,6623
55272888,6623
55277888,6623
55282888,6623
55287888,6623
55292888,6623
55297888,6623
55302888,6622
55307888,6623
55312888,6623
55317888,6623
55322888,6623
55327888,6623
55332888,6623
55337892,6624
55342896,6623
55347900,6623
55352900,6622
55357900,6623
55362900,6623
55367900,6623
55372904,6623
55377904,6623
55382904,6622
55387904,6623
55392904,6623
55397904,6623
55402904,6623
55407904,6623
55412904,6623
55417904,6623
55422904,6623
55427904,6623
55432904,6624
55437904,6623
55442904,6623
55447908,6623
55452908,6623
55457908,6622
55462908,6623
55467908,6623
55472912,6623
55477916,6624
55482916,6622
55487920,6624
55492920,6623
55497920,6623
55502924,6622
55507924,6623
55512924,6623
55517924,6623
55522924,6623
55527924,6623
55532924,6623
55537924,6622
55542924,6622
55547928,6623
55552932,6622
55557936,6624
55562940,6623
55567940,6623
55572944,6623
55577944,6622
55582948,6623
55587948,6623
55592948,6623
55597948,6623
55602948,6623
55607948,6624
55612948,6623
55617948,6623
55622952,6623
55627952,6624
55632952,6622
55637952,6623
55642952,6622
55647952,6623
55652952,6623
55657952,6623
55662952,6624
55667952,6623
55672952,6623
55677956,6623
55682956,6622
55687956,6623
55692956,6624
55697956,6623
55702956,6622
55707956,6623
55712956,6623
55717956,6623
55722956,6623
55727956,6624
55732956,6623
55737956,6623
55742956,6623
55747956,6623
55752956,6624
55757960,6623
55762964,6622
55767964,6623
55772964,6623
55777968,6622
55782968,6622
55787972,6623
55792972,6623
55797972,6623
55802972,6623
55807972,6622
55812972,6623
55817972,6623
55822972,6623
55827972,6624
55832972,6623
55837972,6623
55842972,6624
55847972,6623
55852972,6623
55857972,6622
55862972,6624
55867972,6623
55872972,6623
55877972,6623
55882972,6623
55887976,6624
55892976,6623
55897976,6622
55902976,6623
55907976,6623
55912976,6623
55917976,6622
55922976,6622
55927976,6623
55932976,6623
55937976,6622
55942976,6623
55947976,6623
55952976,6623
55957976,6622
55962976,6623
55967980,6624
55972980,6623
55977984,6621
55982984,6621
55987988,6623
55992988,6623
55997988,6623
56002988,6623
56007988,6624
56012988,6624
56017992,6623
56022992,6623
56027992,6623
56032992,6623
56037992,6622
56042992,6623
56047992,6622
56052992,6623
56057992,6622
56062992,6623
56067992,6624
56072992,6623
56077992,6622
56082992,6623
56087992,6623
56092992,6623
56097992,6623
56102992,6623
56107992,6623
56112992,6623
56117992,6623
56122992,6624
56127996,6622
56132996,6622
56137996,6623
56142996,6624
56148000,6623
56153000,6623
56158000,6623
56163000,6623
56168000,6623
56173000,6624
56178000,6623
56183000,6623
56188000,6624
56193000,6623
56198000,6623
56203000,6623
56208000,6623
56213000,6623
56218004,6622
56223004,6623
56228004,6623
56233008,6624
56238008,6623
56243008,6623
56248008,6623
56253008,6623
56258008,6623
56263008,6623
56268008,6623
56273008,6623
56278008,6623
56283008,6623
56288008,6624
56293008,6623
56298008,6623
56303008,6623
56308008,6623
56313008,6623
56318008,6624
56323008,6623
56328008,6623
56333008,6623
56338008,6622
56343008,6622
56348008,6623
56353008,6622
56358012,6623
56363016,6624
56368016,6623
56373016,6625
56378016,6623
56383016,6624
56388016,6623
56393016,6624
56398016,6624
56403016,6624
56408016,6623
56413016,6623
56418016,6622
56423016,6624
56428016,6625
56433016,6623
56438016,6624
56443016,6623
56448016,6624
56453016,6622
56458016,6623
56463016,6623
56468016,6624
56473020,6624
56478020,6624
56483020,6624
56488020,6624
56493020,6623
56498020,6624
56503020,6624
56508020,6623
56513020,6623
56518024,6623
56523024,6623
56528024,6623
56533024,6622
56538024,6623
56543024,6623
56548024,6623
56553024,6623
56558028,6623
56563028,6624
56568028,6623
56573032,6624
56578036,6624
56583036,6623
56588036,6623
56593036,6623
56598036,6623
56603036,6623
56608036,6624
56613036,6623
56618036,6623
56623036,6623
56628040,6624
56633040,6623
56638040,6623
56643040,6623
56648040,6623
56653040,6623
56658040,6623
56663048,6623
56668048,6624
56673048,6624
56678052,6623
56683052,6623
56688052,6623
56693052,6623
56698052,6623
56703052,6623
56708052,6624
56713056,6624
56718056,6624
56723056,6623
56728060,6623
56733060,6624
56738064,6624
56743064,6623
56748068,6625
56753068,6623
56758068,6624
56763068,6623
56768068,6624
56773072,6623
56778076,6624
56783076,6624
56788076,6623
56793076,6624
56798076,6623
56803080,6624
56808084,6623
56813084,6624
56818084,6624
56823088,6623
56828092,6624
56833092,6624
56838092,6623
56843092,6623
56848092,6625
56853092,6623
56858092,6623
56863092,6623
56868092,6624
56873096,6623
56878096,6623
56883096,6623
56888096,6623
56893096,6623
56898100,6624
56903100,6624
56908100,6623
56913100,6624
56918100,6624
56923100,6624
56928100,6624
56933100,6624
56938100,6623
56943100,6624
56948100,6624
56953100,6623
56958104,6624
56963108,6624
56968108,6624
56973108,6623
56978108,6623
56983112,6623
56988112,6624
56993112,6623
56998112,6624
57003112,6625
57008112,6624
57013112,6624
57018112,6624
57023112,6623
57028112,6624
57033112,6623
57038112,6624
57043112,6624
57048112,6625
57053112,6624
57058112,6623
57063116,6624
57068116,6624
57073116,6624
57078116,6624
57083116,6624
57088116,6624
57093116,6623
57098116,6623
57103116,6624
57108116,6624
57113116,6624
57118116,6623
57123116,6624
57128116,6624
57133120,6624
57138120,6624
57143120,6625
57148120,6625
57153120,6624
57158120,6623
57163124,6625
57168124,6624
57173128,6623
57178128,6624
57183128,6623
57188128,6625
57193128,6625
57198128,6623
57203128,6624
57208128,6624
57213128,6623
57218128,6624
57223128,6625
57228128,6624
57233128,6624
57238128,6624
57243128,6624
57248132,6623
57253132,6624
57258132,6624
57263132,6623
57268132,6624
57273132,6624
57278132,6624
57283132,6623
57288132,6624
57293132,6624
57298132,6624
57303136,6624
57308136,6625
57313136,6625
57318136,6623
57323136,6623
57328136,6624
57333140,6625
57338140,6624
57343140,6624
57348140,6623
57353140,6623
57358144,6624
57363148,6624
57368148,6624
57373148,6623
57378148,6624
57383148,6624
57388152,6624
57393160,6624
57398160,6623
57403160,6624
57408160,6624
57413160,6624
57418160,6623
57423164,6623
57428164,6624
57433164,6624
57438164,6624
57443164,6624
57448164,6625
57453164,6624
57458164,6623
57463164,6624
57468164,6624
57473164,6624
57478164,6623
57483168,6625
57488172,6625
57493172,6624
57498176,6624
57503176,6624
57508176,6625
57513176,6625
57518180,6623
57523180,6625
57528184,6625
57533184,6625
57538184,6624
57543184,6624
57548184,6625
57553184,6624
57558184,6624
57563184,6624
57568184,6624
57573184,6625
57578184,6624
57583184,6624
57588184,6624
57593184,6624
57598184,6624
57603184,6625
57608188,6624
57613188,6623
57618188,6624
57623188,6624
57628188,6625
57633188,6624
57638188,6624
57643188,6624
57648188,6624
57653188,6625
57658192,6624
57663196,6625
57668196,6624
57673196,6625
57678196,6625
57683196,6625
57688196,6625
57693196,6624
57698196,6624
57703196,6625
57708196,6625
57713196,6624
57718196,6624
57723196,6625
57728196,6625
57733200,6625
57738200,6625
57743204,6625
57748208,6625
57753212,6624
57758212,6625
57763212,6624
57768212,6624
57773212,6624
57778212,6624
57783212,6624
57788212,6624
57793212,6625
57798212,6625
57803212,6624
57808212,6625
57813212,6623
57818212,6625
57823212,6625
57828212,6625
57833212,6624
57838212,6624
57843212,6624
57848212,6625
57853212,6625
57858212,6625
57863212,6624
57868216,6625
57873216,6625
57878220,6624
57883220,6624
57888220,6625
57893220,6624
57898220,6624
57903224,6624
57908232,6624
57913236,6624
57918236,6624
57923236,6625
57928236,6624
57933236,6624
57938236,6624
57943236,6624
57948236,6625
57953236,6625
57958240,6624
57963240,6626
57968240,6624
57973240,6625
57978240,6624
57983240,6624
57988240,6625
57993240,6625
57998244,6624
58003248,6625
58008252,6625
58013256,6625
58018256,6625
58023256,6625
58028256,6624
58033260,6624
58038260,6624
58043260,6625
58048260,6625
58053260,6624
58058260,6624
58063260,6624
58068260,6624
58073260,6624
58078260,6626
58083260,6625
58088260,6625
58093264,6624
58098264,6624
58103264,6625
58108264,6625
58113264,6624
58118264,6624
58123272,6626
58128276,6624
58133280,6625
58138280,6625
58143280,6625
58148280,6625
58153280,6625
58158280,6624
58163280,6625
58168280,6625
58173280,6624
58178284,6624
58183284,6625
58188288,6626
58193288,6624
58198288,6624
58203292,6624
58208296,6625
58213296,6625
58218296,6624
58223296,6624
58228296,6625
58233296,6624
58238296,6625
58243296,6624
58248300,6625
58253300,6625
58258300,6624
58263300,6625
58268300,6625
58273300,6624
58278304,6624
58283304,6624
58288304,6624
58293304,6625
58298308,6625
58303312,6624
58308312,6624
58313316,6624
58318316,6624
58323316,6625
58328320,6624
58333324,6624
58338324,6625
58343324,6625
58348324,6625
58353324,6624
58358328,6624
58363328,6625
58368328,6624
58373328,6625
58378328,6624
58383328,6625
58388328,6625
58393328,6625
58398328,6624
58403328,6624
58408328,6625
58413332,6624
58418332,6625
58423336,6625
58428336,6625
58433336,6624
58438336,6625
58443336,6625
58448336,6624
58453336,6624
58458336,6626
58463336,6625
58468336,6625
58473336,6624
58478336,6624
58483336,6624
58488336,6625
58493340,6624
58498340,6624
58503340,6624
58508340,6625
58513340,6624
58518340,6624
58523340,6624
58528340,6625
58533344,6625
58538344,6624
58543344,6625
58548344,6624
58553344,6625
58558348,6625
58563348,6625
58568348,6624
58573348,6625
58578348,6624
58583348,6625
58588348,6625
58593348,6625
58598348,6626
58603352,6625
58608352,6624
58613352,6624
58618352,6626
58623352,6625
58628352,6624
58633352,6625
58638352,6624
58643352,6625
58648352,6624
58653352,6625
58658352,6624
58663352,6624
58668352,6624
58673352,6624
58678352,6624
58683352,6626
58688352,6625
58693352,6625
58698352,6625
58703356,6625
58708356,6624
58713356,6624
58718356,6625
58723356,6625
58728356,6625
58733356,6625
58738356,6625
58743356,6626
58748356,6625
58753356,6624
58758356,6624
58763360,6625
58768360,6625
58773360,6624
58778360,6624
58783360,6625
58788360,6625
58793364,6624
58798364,6624
58803364,6626
58808368,6624
58813368,6624
58818368,6625
58823368,6624
58828368,6625
58833368,6624
58838368,6625
58843368,6625
58848368,6625
58853368,6624
58858368,6624
58863368,6625
58868372,6625
58873372,6625
58878372,6625
58883372,6624
58888372,6626
58893372,6625
58898372,6626
58903376,6626
58908380,6625
58913384,6624
58918384,6623
58923384,6625
58928384,6625
58933384,6624
58938388,6625
58943388,6625
58948388,6624
58953388,6625
58958392,6625
58963392,6625
58968392,6624
58973392,6624
58978392,6625
58983392,6625
58988392,6624
58993392,6624
58998396,6624
59003396,6625
59008400,6623
59013404,6625
59018404,6625
59023408,6625
59028412,6625
59033416,6624
59038416,6625
59043416,6625
59048416,6626
59053416,6624
59058416,6624
59063416,6626
59068424,6625
59073424,6624
59078424,6626
59083424,6624
59088424,6624
59093424,6624
59098428,6625
59103428,6625
59108428,6624
59113428,6624
59118432,6624
59123432,6625
59128436,6625
59133436,6624
59138436,6625
59143440,6625
59148440,6624
59153444,6625
59158444,6624
59163444,6626
59168444,6625
59173444,6625
59178444,6626
59183444,6624
59188444,6625
59193444,6624
59198444,6625
59203444,6624
59208444,6625
59213444,6625
59218444,6625
59223444,6626
59228448,6625
59233448,6623
59238448,6624
59243452,6624
59248452,6624
59253452,6625
59258452,6625
59263452,6624
59268452,6625
59273452,6623
59278452,6625
59283452,6625
59288452,6624
59293452,6624
59298452,6624
59303452,6626
59308452,6625
59313456,6624
59318456,6625
59323456,6625
59328456,6625
59333456,6625
59338456,6625
59343456,6624
59348456,6625
59353460,6624
59358460,6625
59363464,6625
59368468,6625
59373468,6624
59378468,6624
59383468,6625
59388468,6625
59393468,6625
59398468,6625
59403468,6625
59408468,6625
59413468,6625
59418472,6625
59423472,6625
59428472,6625
59433472,6624
59438472,6624
59443476,6625
59448476,6625
59453476,6624
59458476,6624
59463476,6625
59468476,6625
59473476,6624
59478476,6624
59483476,6624
59488476,6624
59493476,6624
59498480,6624
59503480,6624
59508480,6625
59513480,6625
59518480,6625
59523480,6625
59528480,6625
59533480,6625
59538480,6625
59543480,6625
59548480,6626
59553480,6625
59558480,6624
59563480,6625
59568480,6624
59573484,6624
59578484,6625
59583484,6624
59588488,6625
59593488,6624
59598492,6624
59603492,6625
59608492,6624
59613492,6622
59618492,6625
59623492,6625
59628492,6624
59633492,6624
59638492,6624
59643492,6624
59648492,6625
59653492,6624
59658492,6625
59663496,6625
59668496,6624
59673496,6624
59678496,6624
59683496,6625
59688496,6624
59693496,6624
59698496,6624
59703496,6625
59708496,6624
59713496,6625
59718496,6625
59723496,6625
59728496,6625
59733496,6624
59738496,6625
59743496,6624
59748496,6624
59753496,6624
59758496,6625
59763496,6625
59768496,6624
59773496,6624
59778496,6624
59783496,6625
59788496,6624
59793496,6625
59798496,6625
59803496,6625
59808496,6624
59813500,6626
59818500,6624
59823504,6625
59828504,6624
59833504,6625
59838504,6624
59843508,6624
59848508,6625
59853508,6624
59858508,6625
59863508,6625
59868508,6625
59873508,6623
59878508,6625
59883508,6624
59888508,6625
59893508,6625
59898508,6624
59903508,6624
59908508,6625
59913508,6624
59918508,6624
59923508,6625
59928508,6624
59933508,6624
59938508,6626
59943508,6625
59948508,6625
59953508,6624
59958508,6624
59963508,6625
59968512,6624
59973512,6625
59978512,6624
